PRO_COM,COMUNE,K0,K5,K7,W2,TMP_60,Aree_Int
6008,Alzano Scrivia,,,,,60-,C - Cintura
20038,Ostiglia,0.0,,,67.6,60+,C - Cintura
20039,Pegognaga,0.0,,,32.7,60-,D - Intermedio
20040,Pieve di Coriano,0.0,,,62.9,60+,D - Intermedio
20041,Piubega,0.0,,,63.5,60+,D - Intermedio
20042,Poggio Rusco,0.0,,,67.5,60-,E - Periferico
20043,Pomponesco,0.0,,,40.8,60-,D - Intermedio
20044,Ponti sul Mincio,0.0,,,75.5,60+,C - Cintura
20045,Porto Mantovano,0.0,,,58.5,60-,C - Cintura
20046,Quingentole,0.0,,,54.6,60-,E - Periferico
20047,Quistello,0.0,,,49.4,60-,D - Intermedio
20048,Redondesco,0.0,,,54.6,60-,D - Intermedio
20049,Revere,0.0,,,65.0,60+,D - Intermedio
20050,Rivarolo Mantovano,0.0,,,36.4,60-,D - Intermedio
20051,Rodigo,0.0,,,62.7,60-,C - Cintura
20052,Roncoferraro,0.0,,,55.3,60-,C - Cintura
20053,Roverbella,0.0,,,59.9,60+,C - Cintura
20054,Sabbioneta,0.0,,,33.4,30-,D - Intermedio
20055,San Benedetto Po,0.0,,,41.4,60-,D - Intermedio
20056,San Giacomo delle Segnate,0.0,,,44.8,60-,D - Intermedio
20057,San Giorgio di Mantova,0.0,,,46.9,60-,C - Cintura
20058,San Giovanni del Dosso,0.0,,,50.6,60-,E - Periferico
36025,Montefiorino,0.0,,,69.3,60+,E - Periferico
36026,Montese,0.0,,,51.8,60-,F - Ultraperiferico
36027,Nonantola,0.0,,,20.8,30-,C - Cintura
36028,Novi di Modena,0.0,,,40.6,60-,C - Cintura
36029,Palagano,0.0,,,67.7,60+,F - Ultraperiferico
36030,Pavullo nel Frignano,0.0,,,52.7,60-,E - Periferico
36031,Pievepelago,0.0,,,92.8,60+,F - Ultraperiferico
36032,Polinago,0.0,,,62.8,60+,E - Periferico
36033,Prignano sulla Secchia,0.0,,,55.3,60-,E - Periferico
36034,Ravarino,0.0,,,29.3,30-,D - Intermedio
36035,Riolunato,0.0,,,81.5,60+,F - Ultraperiferico
36036,San Cesario sul Panaro,0.0,,,20.6,30-,D - Intermedio
36037,San Felice sul Panaro,0.0,,,46.8,60-,D - Intermedio
36038,San Possidonio,0.0,,,42.4,60-,C - Cintura
36039,San Prospero,0.0,,,29.4,30-,C - Cintura
36040,Sassuolo,0.0,,,22.9,30-,C - Cintura
36041,Savignano sul Panaro,0.0,,,19.7,30-,D - Intermedio
36042,Serramazzoni,0.0,,,39.0,60-,E - Periferico
36043,Sestola,0.0,,,73.5,60+,F - Ultraperiferico
36044,Soliera,0.0,,,23.0,30-,C - Cintura
36045,Spilamberto,0.0,,,5.7,30-,D - Intermedio
36046,Vignola,0.0,,,19.7,30-,D - Intermedio
54025,Lisciano Niccone,0.0,,,45.4,60-,E - Periferico
54026,Magione,0.0,,,43.9,60-,C - Cintura
54027,Marsciano,0.0,,,46.9,60-,D - Intermedio
54028,Massa Martana,0.0,,,39.2,60-,C - Cintura
54029,Monte Castello di Vibio,0.0,,,36.2,60-,D - Intermedio
54030,Montefalco,0.0,,,63.5,60+,C - Cintura
54031,Monteleone di Spoleto,0.0,,,79.2,60+,E - Periferico
54032,Monte Santa Maria Tiberina,0.0,,,55.4,60+,E - Periferico
54033,Montone,0.0,,,69.4,60+,D - Intermedio
54034,Nocera Umbra,0.0,,,93.1,60+,C - Cintura
54035,Norcia,0.0,,,112.4,60+,E - Periferico
54036,Paciano,0.0,,,18.5,30-,E - Periferico
54037,Panicale,0.0,,,33.2,30-,E - Periferico
54038,Passignano sul Trasimeno,0.0,,,32.5,30-,C - Cintura
54039,Perugia,0.0,,,56.6,60-,A - Polo
54040,Piegaro,0.0,,,32.5,60-,D - Intermedio
54041,Pietralunga,0.0,,,82.3,60+,E - Periferico
54042,Poggiodomo,0.0,,,94.2,60+,
54043,Preci,0.0,,,100.4,60+,E - Periferico
54044,San Giustino,0.0,,,53.2,60-,D - Intermedio
54045,Sant'Anatolia di Narco,0.0,,,66.9,60+,C - Cintura
54046,Scheggia e Pascelupo,0.0,,,101.2,60+,E - Periferico
54047,Scheggino,0.0,,,70.0,60-,C - Cintura
3018,Biandrate,,,,,60-,C - Cintura
3030,Caltignaga,,,,,60-,C - Cintura
3032,Cameri,,,,,60-,C - Cintura
61100,Vitulazio,0.0,,,6.9,30-,D - Intermedio
61101,Falciano del Massico,0.0,,,36.8,60-,D - Intermedio
61102,Cellole,0.0,,,41.7,60-,D - Intermedio
61103,Casapesenna,0.0,,,30.7,30-,C - Cintura
61104,San Marco Evangelista,0.0,,,6.5,30-,C - Cintura
62001,Airola,0.0,,,39.2,60-,D - Intermedio
62002,Amorosi,0.0,,,36.4,60-,D - Intermedio
62003,Apice,0.0,,,85.9,60+,C - Cintura
62004,Apollosa,0.0,,,61.3,60+,C - Cintura
62005,Arpaia,0.0,,,34.3,60-,D - Intermedio
62006,Arpaise,0.0,,,56.2,60-,C - Cintura
62007,Baselice,0.0,,,124.9,60+,E - Periferico
62008,Benevento,0.0,,,72.8,60+,A - Polo
62009,Bonea,0.0,,,45.3,60-,D - Intermedio
62010,Bucciano,0.0,,,44.8,60-,D - Intermedio
62011,Buonalbergo,0.0,,,96.6,60+,D - Intermedio
62012,Calvi,0.0,,,71.1,60+,C - Cintura
62013,Campolattaro,0.0,,,84.2,60+,C - Cintura
62014,Campoli del Monte Taburno,0.0,,,61.1,60-,C - Cintura
62015,Casalduni,0.0,,,71.8,60+,C - Cintura
62016,Castelfranco in Miscano,0.0,,,121.0,60+,E - Periferico
62017,Castelpagano,0.0,,,111.8,60+,E - Periferico
3049,Cerano,,,,,60-,C - Cintura
3068,Galliate,,,,,60-,C - Cintura
3069,Garbagna Novarese,,,,,60-,C - Cintura
3104,Nibbiola,,,,,60-,C - Cintura
3106,Novara,,,,,60-,A - Polo
3149,Trecate,,,,,60-,C - Cintura
12001,Agra,0.0,,,101.0,60+,
3131,Romentino,,,,,60-,C - Cintura
3135,San Pietro Mosezzo,,,,,60-,C - Cintura
6006,Alluvioni Cambio',,,,,60-,C - Cintura
6040,Casalnoceto,,,,,60-,C - Cintura
6053,Castelnuovo Scrivia,,,,,60-,C - Cintura
6086,Guazzora,,,,,60-,C - Cintura
6087,Isola Sant'Antonio,,,,,60-,C - Cintura
6096,Molino dei Torti,,,,,60-,C - Cintura
6132,Pontecurone,,,,,60-,C - Cintura
6151,Sale,,,,,60-,C - Cintura
6174,Tortona,,,,,60-,C - Cintura
6181,Viguzzolo,,,,,60-,C - Cintura
12002,Albizzate,0.0,,,47.0,60-,C - Cintura
12003,Angera,0.0,,,66.6,60+,D - Intermedio
12004,Arcisate,0.0,,,64.5,60+,C - Cintura
12005,Arsago Seprio,0.0,,,,60-,C - Cintura
12006,Azzate,0.0,,,50.8,60-,C - Cintura
12007,Azzio,0.0,,,73.9,60+,C - Cintura
12008,Barasso,0.0,,,65.3,60+,C - Cintura
12009,Bardello,0.0,,,65.1,60+,C - Cintura
12010,Bedero Valcuvia,0.0,,,72.3,60+,C - Cintura
12011,Besano,0.0,,,68.2,60+,C - Cintura
12012,Besnate,0.0,,,48.0,60-,C - Cintura
12013,Besozzo,0.0,,,64.8,60+,C - Cintura
12014,Biandronno,0.0,,,65.1,60+,C - Cintura
12015,Bisuschio,0.0,,,65.1,60+,C - Cintura
12016,Bodio Lomnago,0.0,,,56.0,60+,C - Cintura
12017,Brebbia,0.0,,,63.0,60+,C - Cintura
12018,Bregano,0.0,,,66.9,60+,C - Cintura
12019,Brenta,0.0,,,76.3,60+,C - Cintura
12020,Brezzo di Bedero,0.0,,,88.6,60+,D - Intermedio
12021,Brinzio,0.0,,,65.7,60+,C - Cintura
12022,Brissago-Valtravaglia,0.0,,,84.2,60+,D - Intermedio
12023,Brunello,0.0,,,51.6,60-,C - Cintura
12024,Brusimpiano,0.0,,,76.6,60+,D - Intermedio
12025,Buguggiate,0.0,,,50.9,60-,C - Cintura
12026,Busto Arsizio,0.0,,,42.6,60-,A - Polo
12027,Cadegliano-Viconago,0.0,,,85.4,60+,D - Intermedio
12028,Cadrezzate,0.0,,,61.8,60+,C - Cintura
12029,Cairate,0.0,,,45.4,60-,C - Cintura
12030,Cantello,0.0,,,60.5,60+,C - Cintura
12031,Caravate,0.0,,,74.0,60+,C - Cintura
12032,Cardano al Campo,0.0,,,45.5,60-,C - Cintura
12033,Carnago,0.0,,,51.5,60-,C - Cintura
12034,Caronno Pertusella,0.0,,,33.8,60-,C - Cintura
12035,Caronno Varesino,0.0,,,52.1,60-,C - Cintura
12036,Casale Litta,0.0,,,59.5,60+,C - Cintura
12037,Casalzuigno,0.0,,,78.2,60+,C - Cintura
12038,Casciago,0.0,,,59.7,60+,C - Cintura
12039,Casorate Sempione,0.0,,,48.7,60-,C - Cintura
12040,Cassano Magnago,0.0,,,43.2,60-,C - Cintura
12041,Cassano Valcuvia,0.0,,,78.3,60+,D - Intermedio
12042,Castellanza,0.0,,,36.2,60-,C - Cintura
12043,Castello Cabiaglio,0.0,,,77.3,60+,C - Cintura
12044,Castelseprio,0.0,,,53.1,60-,C - Cintura
12045,Castelveccana,0.0,,,89.2,60+,C - Cintura
12046,Castiglione Olona,0.0,,,57.8,60+,C - Cintura
12047,Castronno,0.0,,,49.5,60-,C - Cintura
12048,Cavaria con Premezzo,0.0,,,45.6,60-,C - Cintura
12049,Cazzago Brabbia,0.0,,,59.4,60+,C - Cintura
12050,Cislago,0.0,,,41.3,60-,C - Cintura
12051,Cittiglio,0.0,,,75.4,60+,C - Cintura
12052,Clivio,0.0,,,66.1,60+,C - Cintura
12053,Cocquio-Trevisago,0.0,,,67.6,60+,C - Cintura
12054,Comabbio,0.0,,,56.3,60+,C - Cintura
12055,Comerio,0.0,,,65.5,60+,C - Cintura
12056,Cremenaga,0.0,,,102.7,60+,
12057,Crosio della Valle,0.0,,,54.7,60-,C - Cintura
12058,Cuasso al Monte,0.0,,,73.5,60+,D - Intermedio
12059,Cugliate-Fabiasco,0.0,,,76.4,60+,C - Cintura
12060,Cunardo,0.0,,,75.0,60+,C - Cintura
12061,Curiglia con Monteviasco,0.0,,,109.4,60+,E - Periferico
12062,Cuveglio,0.0,,,78.0,60+,D - Intermedio
12063,Cuvio,0.0,,,73.3,60+,D - Intermedio
12064,Daverio,0.0,,,55.2,60-,C - Cintura
12065,Dumenza,0.0,,,96.5,60+,E - Periferico
12066,Duno,0.0,,,82.4,60+,
12067,Fagnano Olona,0.0,,,42.0,60-,C - Cintura
12068,Ferno,0.0,,,49.3,60-,C - Cintura
12069,Ferrera di Varese,0.0,,,76.6,60+,D - Intermedio
12070,Gallarate,0.0,,,41.8,60-,A - Polo
12071,Galliate Lombardo,0.0,,,53.3,60-,C - Cintura
12072,Gavirate,0.0,,,62.7,60+,C - Cintura
12073,Gazzada Schianno,0.0,,,52.7,60-,C - Cintura
12074,Gemonio,0.0,,,70.7,60+,C - Cintura
12075,Gerenzano,0.0,,,39.1,60-,C - Cintura
12076,Germignaga,0.0,,,86.6,60+,D - Intermedio
12077,Golasecca,0.0,,,55.8,60+,C - Cintura
12078,Gorla Maggiore,0.0,,,44.7,60-,C - Cintura
12079,Gorla Minore,0.0,,,44.2,60-,C - Cintura
12080,Gornate-Olona,0.0,,,,60+,C - Cintura
12081,Grantola,0.0,,,78.8,60+,D - Intermedio
12082,Inarzo,0.0,,,58.5,60+,C - Cintura
12083,Induno Olona,0.0,,,62.7,60+,C - Cintura
12084,Ispra,0.0,,,66.6,60+,D - Intermedio
12085,Jerago con Orago,0.0,,,45.3,60-,C - Cintura
12086,Lavena Ponte Tresa,0.0,,,83.2,60+,D - Intermedio
12087,Laveno-Mombello,0.0,,,79.5,60+,C - Cintura
12088,Leggiuno,0.0,,,75.1,60+,C - Cintura
12089,Lonate Ceppino,0.0,,,51.0,60-,C - Cintura
12090,Lonate Pozzolo,0.0,,,51.4,60-,C - Cintura
12091,Lozza,0.0,,,55.1,60-,C - Cintura
12092,Luino,0.0,,,86.8,60+,D - Intermedio
12093,Luvinate,0.0,,,64.9,60+,C - Cintura
12094,Maccagno,0.0,,,100.0,60+,D - Intermedio
12095,Malgesso,0.0,,,61.3,60+,C - Cintura
12096,Malnate,0.0,,,58.8,60+,C - Cintura
12097,Marchirolo,0.0,,,79.1,60+,D - Intermedio
12098,Marnate,0.0,,,39.6,60-,C - Cintura
12099,Marzio,0.0,,,79.8,60+,D - Intermedio
12100,Masciago Primo,0.0,,,73.0,60+,
12101,Mercallo,0.0,,,54.0,60-,C - Cintura
12102,Mesenzana,0.0,,,78.8,60+,D - Intermedio
12103,Montegrino Valtravaglia,0.0,,,87.3,60+,D - Intermedio
12104,Monvalle,0.0,,,69.8,60+,C - Cintura
12105,Morazzone,0.0,,,52.0,60-,C - Cintura
12106,Mornago,0.0,,,55.2,60+,C - Cintura
12107,Oggiona con Santo Stefano,0.0,,,46.5,60-,C - Cintura
12108,Olgiate Olona,0.0,,,40.5,60-,C - Cintura
12109,Origgio,0.0,,,34.2,60-,C - Cintura
12110,Orino,0.0,,,75.4,60+,C - Cintura
12111,Osmate,0.0,,,58.6,60+,C - Cintura
12112,Pino Sulla Sponda del Lago Maggiore,0.0,,,100.2,60+,D - Intermedio
12113,Porto Ceresio,0.0,,,71.7,60+,C - Cintura
12114,Porto Valtravaglia,0.0,,,94.1,60+,C - Cintura
12115,Rancio Valcuvia,0.0,,,72.7,60+,D - Intermedio
12117,Saltrio,0.0,,,71.1,60+,D - Intermedio
12118,Samarate,0.0,,,47.2,60-,C - Cintura
12119,Saronno,0.0,,,36.7,60-,C - Cintura
12120,Sesto Calende,0.0,,,59.0,60-,C - Cintura
12121,Solbiate Arno,0.0,,,46.0,60-,C - Cintura
12122,Solbiate Olona,0.0,,,40.8,60-,C - Cintura
12123,Somma Lombardo,0.0,,,52.4,60-,C - Cintura
12124,Sumirago,0.0,,,50.4,60-,C - Cintura
12125,Taino,0.0,,,62.8,60+,C - Cintura
12126,Ternate,0.0,,,59.1,60+,C - Cintura
12127,Tradate,0.0,,,53.4,60-,C - Cintura
12128,Travedona-Monate,0.0,,,59.3,60+,C - Cintura
12129,Tronzano Lago Maggiore,0.0,,,100.5,60+,E - Periferico
12130,Uboldo,0.0,,,35.3,60-,C - Cintura
12131,Valganna,0.0,,,69.4,60+,C - Cintura
12132,Varano Borghi,0.0,,,57.2,60+,C - Cintura
12133,Varese,0.0,,,57.6,60+,A - Polo
12134,Vedano Olona,0.0,,,56.4,60+,C - Cintura
12135,Veddasca,0.0,,,114.5,60+,D - Intermedio
12136,Venegono Inferiore,0.0,,,57.8,60+,C - Cintura
12137,Venegono Superiore,0.0,,,60.3,60+,C - Cintura
12138,Vergiate,0.0,,,55.4,60-,C - Cintura
12139,Viggiu',0.0,,,,60+,C - Cintura
12140,Vizzola Ticino,0.0,,,56.0,60-,C - Cintura
12141,Sangiano,0.0,,,72.5,60+,C - Cintura
13001,Abbadia Lariana,0.0,,,65.5,60+,C - Cintura
13002,Airuno,0.0,,,46.6,60-,C - Cintura
13003,Albavilla,0.0,,,59.4,60-,C - Cintura
13004,Albese con Cassano,0.0,,,58.6,60-,C - Cintura
13005,Albiolo,0.0,,,56.2,60+,C - Cintura
13006,Alserio,0.0,,,48.4,60-,C - Cintura
13007,Alzate Brianza,0.0,,,47.1,60-,C - Cintura
13008,Annone di Brianza,0.0,,,49.8,60-,C - Cintura
13009,Anzano del Parco,0.0,,,46.7,60-,C - Cintura
13010,Appiano Gentile,0.0,,,48.6,60-,C - Cintura
13011,Argegno,0.0,,,72.7,60+,D - Intermedio
13012,Arosio,0.0,,,38.2,60-,C - Cintura
13013,Asso,0.0,,,60.4,60-,C - Cintura
13014,Ballabio,0.0,,,66.4,60+,C - Cintura
13015,Barni,0.0,,,65.1,60+,
13016,Barzago,0.0,,,45.7,60-,C - Cintura
13017,Barzano',0.0,,,,60-,C - Cintura
13018,Barzio,0.0,,,78.5,60+,C - Cintura
13019,Bellagio,0.0,,,74.9,60+,D - Intermedio
13020,Bellano,0.0,,,80.6,60+,C - Cintura
13021,Bene Lario,0.0,,,103.5,60+,E - Periferico
13022,Beregazzo con Figliaro,0.0,,,49.9,60-,D - Intermedio
13023,Binago,0.0,,,55.6,60-,C - Cintura
13024,Bizzarone,0.0,,,59.1,60+,D - Intermedio
13025,Blessagno,0.0,,,84.4,60+,
13026,Blevio,0.0,,,58.0,60+,C - Cintura
13027,Bosisio Parini,0.0,,,47.4,60-,C - Cintura
13028,Bregnano,0.0,,,41.8,60-,C - Cintura
13029,Brenna,0.0,,,45.0,60-,C - Cintura
13030,Brienno,0.0,,,68.2,60+,D - Intermedio
13031,Brivio,0.0,,,47.4,60-,C - Cintura
13032,Brunate,0.0,,,61.0,60+,C - Cintura
13033,Bulciago,0.0,,,43.1,60-,C - Cintura
13034,Bulgarograsso,0.0,,,45.5,60-,C - Cintura
13035,Cabiate,0.0,,,37.0,60-,C - Cintura
13036,Cadorago,0.0,,,45.2,60-,C - Cintura
13037,Caglio,0.0,,,72.4,60+,D - Intermedio
13038,Cagno,0.0,,,60.5,60+,C - Cintura
13039,Calco,0.0,,,44.4,60-,C - Cintura
13040,Campione d'Italia,0.0,,,103.9,60+,F - Ultraperiferico
13041,Cantu',0.0,,,,60-,C - Cintura
13042,Canzo,0.0,,,59.5,60-,C - Cintura
13043,Capiago Intimiano,0.0,,,51.6,60-,C - Cintura
13044,Carate Urio,0.0,,,59.2,60+,C - Cintura
13045,Carbonate,0.0,,,48.2,60-,C - Cintura
13046,Carimate,0.0,,,47.1,60-,C - Cintura
13047,Carlazzo,0.0,,,107.4,60+,E - Periferico
13048,Carugo,0.0,,,37.8,60-,C - Cintura
13049,Casargo,0.0,,,93.9,60+,D - Intermedio
13050,Casasco d'Intelvi,0.0,,,88.0,60+,E - Periferico
13051,Casatenovo,0.0,,,40.5,60-,C - Cintura
13052,Caslino d'Erba,0.0,,,62.6,60-,D - Intermedio
13053,Casnate con Bernate,0.0,,,47.9,60-,C - Cintura
13054,Cassago Brianza,0.0,,,45.3,60-,C - Cintura
13055,Cassina Rizzardi,0.0,,,42.6,60-,C - Cintura
13056,Cassina Valsassina,0.0,,,80.9,60+,C - Cintura
13057,Castello di Brianza,0.0,,,49.9,60-,C - Cintura
13058,Castelmarte,0.0,,,58.0,60-,C - Cintura
13059,Castelnuovo Bozzente,0.0,,,52.2,60-,D - Intermedio
13060,Castiglione d'Intelvi,0.0,,,95.6,60+,E - Periferico
13061,Cavallasca,0.0,,,51.8,60-,B - Polo intercomunale
13062,Cavargna,0.0,,,125.9,60+,
13063,Cerano d'Intelvi,0.0,,,90.5,60+,E - Periferico
13064,Cermenate,0.0,,,41.3,60-,C - Cintura
13065,Cernobbio,0.0,,,75.8,60+,C - Cintura
13066,Cernusco Lombardone,0.0,,,38.4,60-,B - Polo intercomunale
13067,Cesana Brianza,0.0,,,50.5,60-,C - Cintura
13068,Cirimido,0.0,,,39.4,60-,C - Cintura
13069,Civate,0.0,,,51.8,60-,C - Cintura
13070,Civenna,0.0,,,70.6,60+,D - Intermedio
13071,Claino con Osteno,0.0,,,94.0,60+,E - Periferico
13072,Colico,0.0,,,89.1,60+,D - Intermedio
13073,Colle Brianza,0.0,,,52.3,60-,C - Cintura
13074,Colonno,0.0,,,100.0,60+,D - Intermedio
13075,Como,0.0,,,50.5,60-,B - Polo intercomunale
13076,Consiglio di Rumo,0.0,,,120.2,60+,E - Periferico
13077,Corrido,0.0,,,110.6,60+,E - Periferico
13078,Cortenova,0.0,,,86.6,60+,D - Intermedio
13079,Costa Masnaga,0.0,,,43.7,60-,C - Cintura
13080,Crandola Valsassina,0.0,,,122.9,60+,D - Intermedio
13081,Cremella,0.0,,,46.7,60-,C - Cintura
13082,Cremeno,0.0,,,72.7,60+,C - Cintura
13083,Cremia,0.0,,,114.1,60+,E - Periferico
13084,Cucciago,0.0,,,48.6,60-,C - Cintura
13085,Cusino,0.0,,,127.5,60+,
13086,Dervio,0.0,,,86.0,60+,C - Cintura
13087,Dizzasco,0.0,,,79.0,60+,D - Intermedio
13088,Dolzago,0.0,,,49.2,60-,C - Cintura
13089,Domaso,0.0,,,106.7,60+,E - Periferico
13090,Dongo,0.0,,,115.8,60+,E - Periferico
13091,Dorio,0.0,,,118.5,60+,C - Cintura
13092,Dosso del Liro,0.0,,,132.3,60+,E - Periferico
13093,Drezzo,0.0,,,55.5,60-,C - Cintura
13094,Ello,0.0,,,56.5,60-,C - Cintura
13095,Erba,0.0,,,52.2,60-,C - Cintura
13096,Esino Lario,0.0,,,104.5,60+,E - Periferico
13097,Eupilio,0.0,,,52.7,60-,C - Cintura
13098,Faggeto Lario,0.0,,,71.0,60+,C - Cintura
13099,Faloppio,0.0,,,56.0,60+,D - Intermedio
13100,Fenegro',0.0,,,,60-,C - Cintura
13101,Figino Serenza,0.0,,,44.1,60-,C - Cintura
13102,Fino Mornasco,0.0,,,44.7,60-,C - Cintura
13103,Galbiate,0.0,,,56.1,60-,C - Cintura
13104,Garbagnate Monastero,0.0,,,45.8,60-,C - Cintura
13105,Garlate,0.0,,,56.2,60-,C - Cintura
13106,Garzeno,0.0,,,146.4,60+,E - Periferico
13107,Gera Lario,0.0,,,98.4,60+,D - Intermedio
13108,Germasino,0.0,,,145.2,60+,E - Periferico
13109,Gironico,0.0,,,52.2,60-,C - Cintura
13110,Grandate,0.0,,,47.1,60-,C - Cintura
13111,Grandola ed Uniti,0.0,,,109.6,60+,E - Periferico
13112,Gravedona,0.0,,,111.4,60+,E - Periferico
13113,Griante,0.0,,,88.6,60+,D - Intermedio
13114,Guanzate,0.0,,,43.0,60-,C - Cintura
13115,Imbersago,0.0,,,44.3,60-,C - Cintura
13116,Introbio,0.0,,,96.3,60+,C - Cintura
13117,Introzzo,0.0,,,113.7,60+,D - Intermedio
13118,Inverigo,0.0,,,39.5,60-,C - Cintura
13119,Laglio,0.0,,,63.1,60+,D - Intermedio
13120,Laino,0.0,,,89.3,60+,E - Periferico
13121,Lambrugo,0.0,,,43.3,60-,C - Cintura
13122,Lanzo d'Intelvi,0.0,,,92.4,60+,E - Periferico
13123,Lasnigo,0.0,,,62.6,60+,D - Intermedio
13124,Lecco,0.0,,,62.2,60-,A - Polo
13125,Lenno,0.0,,,84.6,60+,D - Intermedio
13126,Lezzeno,0.0,,,77.9,60+,D - Intermedio
13127,Lierna,0.0,,,86.4,60+,C - Cintura
13128,Limido Comasco,0.0,,,43.5,60-,C - Cintura
13129,Lipomo,0.0,,,51.5,60-,C - Cintura
13130,Livo,0.0,,,140.9,60+,
13131,Locate Varesino,0.0,,,47.3,60-,C - Cintura
13132,Lomagna,0.0,,,34.7,60-,C - Cintura
13133,Lomazzo,0.0,,,38.5,60-,C - Cintura
13134,Longone al Segrino,0.0,,,59.4,60-,C - Cintura
13135,Luisago,0.0,,,44.7,60-,C - Cintura
13136,Lurago d'Erba,0.0,,,43.0,60-,C - Cintura
13137,Lurago Marinone,0.0,,,42.9,60-,C - Cintura
13138,Lurate Caccivio,0.0,,,47.1,60-,C - Cintura
13139,Magreglio,0.0,,,68.5,60+,D - Intermedio
13140,Malgrate,0.0,,,55.7,60-,C - Cintura
13141,Mandello del Lario,0.0,,,89.4,60+,C - Cintura
13142,Margno,0.0,,,93.1,60+,D - Intermedio
13143,Mariano Comense,0.0,,,37.1,60-,C - Cintura
13144,Maslianico,0.0,,,56.7,60-,C - Cintura
13145,Menaggio,0.0,,,94.5,60+,D - Intermedio
13146,Merate,0.0,,,40.6,60-,B - Polo intercomunale
13147,Merone,0.0,,,47.6,60-,C - Cintura
13148,Mezzegra,0.0,,,86.6,60+,D - Intermedio
13149,Missaglia,0.0,,,42.7,60-,C - Cintura
13150,Moggio,0.0,,,88.1,60+,C - Cintura
13151,Molteno,0.0,,,46.3,60-,C - Cintura
13152,Moltrasio,0.0,,,60.1,60+,C - Cintura
13153,Monguzzo,0.0,,,46.6,60-,C - Cintura
13154,Montano Lucino,0.0,,,50.5,60-,C - Cintura
13155,Montemezzo,0.0,,,127.5,60+,E - Periferico
13156,Monticello Brianza,0.0,,,44.6,60-,C - Cintura
13157,Montorfano,0.0,,,51.2,60-,C - Cintura
13158,Morterone,0.0,,,87.0,60+,
13159,Mozzate,0.0,,,46.3,60-,C - Cintura
13160,Musso,0.0,,,115.9,60+,E - Periferico
13161,Nesso,0.0,,,70.4,60+,D - Intermedio
13162,Nibionno,0.0,,,40.2,60-,C - Cintura
13163,Novedrate,0.0,,,42.8,60-,C - Cintura
13164,Oggiono,0.0,,,52.0,60-,C - Cintura
13165,Olgiate Comasco,0.0,,,51.1,60-,D - Intermedio
13166,Olgiate Molgora,0.0,,,43.0,60-,B - Polo intercomunale
13167,Olginate,0.0,,,61.4,60-,C - Cintura
13168,Oliveto Lario,0.0,,,68.2,60+,C - Cintura
13169,Oltrona di San Mamette,0.0,,,47.8,60-,C - Cintura
13170,Orsenigo,0.0,,,48.9,60-,C - Cintura
13171,Osnago,0.0,,,35.3,60-,C - Cintura
13172,Ossuccio,0.0,,,81.7,60+,D - Intermedio
13173,Paderno d'Adda,0.0,,,43.1,60-,C - Cintura
13174,Pagnona,0.0,,,138.1,60+,
13175,Pare',0.0,,,,60-,C - Cintura
13176,Parlasco,0.0,,,86.8,60+,
13177,Pasturo,0.0,,,88.1,60+,C - Cintura
13178,Peglio,0.0,,,136.7,60+,E - Periferico
13179,Pellio Intelvi,0.0,,,91.2,60+,E - Periferico
13180,Perego,0.0,,,47.5,60-,C - Cintura
13181,Perledo,0.0,,,94.3,60+,D - Intermedio
13182,Pescate,0.0,,,55.7,60-,C - Cintura
13183,Pianello del Lario,0.0,,,120.7,60+,E - Periferico
13184,Pigra,0.0,,,95.2,60+,E - Periferico
13185,Plesio,0.0,,,119.8,60+,E - Periferico
13186,Pognana Lario,0.0,,,67.5,60+,C - Cintura
13187,Ponna,0.0,,,100.0,60+,
13188,Ponte Lambro,0.0,,,53.7,60-,C - Cintura
13189,Porlezza,0.0,,,98.6,60+,E - Periferico
13190,Premana,0.0,,,124.4,60+,E - Periferico
13191,Primaluna,0.0,,,81.0,60+,C - Cintura
13192,Proserpio,0.0,,,56.4,60-,C - Cintura
13193,Pusiano,0.0,,,58.5,60-,C - Cintura
13194,Ramponio Verna,0.0,,,99.2,60+,E - Periferico
13195,Rezzago,0.0,,,65.4,60+,D - Intermedio
13196,Robbiate,0.0,,,40.1,60-,C - Cintura
13197,Rodero,0.0,,,62.9,60+,C - Cintura
13198,Rogeno,0.0,,,45.9,60-,C - Cintura
13199,Ronago,0.0,,,60.2,60+,D - Intermedio
13200,Rovagnate,0.0,,,44.0,60-,C - Cintura
13201,Rovellasca,0.0,,,40.9,60-,C - Cintura
13202,Rovello Porro,0.0,,,38.3,60-,C - Cintura
13203,Sala Comacina,0.0,,,80.2,60+,E - Periferico
13204,San Bartolomeo Val Cavargna,0.0,,,125.2,60+,E - Periferico
13205,San Fedele Intelvi,0.0,,,97.4,60+,E - Periferico
13206,San Fermo della Battaglia,0.0,,,51.4,60-,B - Polo intercomunale
13207,San Nazzaro Val Cavargna,0.0,,,128.9,60+,E - Periferico
13208,Sant'Abbondio,0.0,,,97.8,60+,E - Periferico
13209,Santa Maria Hoe',0.0,,,,60-,C - Cintura
13210,Santa Maria Rezzonico,0.0,,,115.5,60+,E - Periferico
13211,Schignano,0.0,,,91.9,60+,E - Periferico
13212,Senna Comasco,0.0,,,51.1,60-,C - Cintura
13213,Sirone,0.0,,,50.2,60-,C - Cintura
13214,Sirtori,0.0,,,48.8,60-,C - Cintura
13215,Solbiate,0.0,,,56.2,60-,C - Cintura
13216,Sorico,0.0,,,115.5,60+,D - Intermedio
13217,Sormano,0.0,,,77.1,60+,D - Intermedio
13218,Stazzona,0.0,,,128.1,60+,E - Periferico
13219,Sueglio,0.0,,,103.4,60+,
13220,Suello,0.0,,,48.0,60-,C - Cintura
13221,Taceno,0.0,,,88.5,60+,D - Intermedio
13222,Tavernerio,0.0,,,56.4,60-,C - Cintura
13223,Torno,0.0,,,68.0,60+,C - Cintura
13224,Tremenico,0.0,,,97.7,60+,D - Intermedio
13225,Tremezzo,0.0,,,87.5,60+,D - Intermedio
13226,Trezzone,0.0,,,124.5,60+,
13227,Turate,0.0,,,37.5,60-,C - Cintura
13228,Uggiate-Trevano,0.0,,,57.6,60+,D - Intermedio
13229,Valbrona,0.0,,,66.3,60+,C - Cintura
13230,Valgreghentino,0.0,,,54.6,60-,C - Cintura
13231,Valmadrera,0.0,,,56.3,60-,C - Cintura
13232,Valmorea,0.0,,,59.3,60+,C - Cintura
13233,Val Rezzo,0.0,,,117.7,60+,
13234,Valsolda,0.0,,,114.9,60+,E - Periferico
13235,Varenna,0.0,,,82.7,60+,C - Cintura
13236,Veleso,0.0,,,86.9,60+,D - Intermedio
13237,Vendrogno,0.0,,,105.7,60+,C - Cintura
13238,Veniano,0.0,,,44.7,60-,C - Cintura
13239,Vercana,0.0,,,126.5,60+,E - Periferico
13240,Verderio Inferiore,0.0,,,41.2,60-,C - Cintura
13241,Verderio Superiore,0.0,,,44.2,60-,C - Cintura
13242,Vertemate con Minoprio,0.0,,,47.1,60-,C - Cintura
13243,Vestreno,0.0,,,92.7,60+,D - Intermedio
13244,Vigano',0.0,,,,60-,C - Cintura
13245,Villa Guardia,0.0,,,46.9,60-,C - Cintura
13246,Zelbio,0.0,,,82.9,60+,D - Intermedio
13247,Montevecchia,0.0,,,43.0,60-,C - Cintura
14001,Albaredo per San Marco,0.0,,,119.7,60+,E - Periferico
14002,Albosaggia,0.0,,,148.5,60+,C - Cintura
14003,Andalo Valtellino,0.0,,,109.5,60+,D - Intermedio
14004,Aprica,0.0,,,158.2,60+,D - Intermedio
14005,Ardenno,0.0,,,126.1,60+,C - Cintura
14006,Bema,0.0,,,128.5,60+,E - Periferico
14007,Berbenno di Valtellina,0.0,,,144.1,60+,C - Cintura
14008,Bianzone,0.0,,,172.0,60+,C - Cintura
14009,Bormio,0.0,,,207.2,60+,F - Ultraperiferico
14010,Buglio In Monte,0.0,,,138.0,60+,C - Cintura
14011,Caiolo,0.0,,,148.5,60+,C - Cintura
14012,Campodolcino,0.0,,,140.9,60+,F - Ultraperiferico
14013,Caspoggio,0.0,,,152.3,60+,C - Cintura
14014,Castello dell'Acqua,0.0,,,189.0,60+,C - Cintura
14015,Castione Andevenno,0.0,,,137.9,60+,C - Cintura
14016,Cedrasco,0.0,,,149.0,60+,C - Cintura
14017,Cercino,0.0,,,110.0,60+,D - Intermedio
14018,Chiavenna,0.0,,,136.4,60+,E - Periferico
14019,Chiesa in Valmalenco,0.0,,,155.7,60+,C - Cintura
14020,Chiuro,0.0,,,164.2,60+,C - Cintura
14021,Cino,0.0,,,161.1,60+,D - Intermedio
14022,Civo,0.0,,,132.8,60+,D - Intermedio
14023,Colorina,0.0,,,128.8,60+,C - Cintura
14024,Cosio Valtellino,0.0,,,113.6,60+,D - Intermedio
14025,Dazio,0.0,,,117.9,60+,D - Intermedio
14026,Delebio,0.0,,,104.2,60+,D - Intermedio
14027,Dubino,0.0,,,96.6,60+,D - Intermedio
14028,Faedo Valtellino,0.0,,,149.3,60+,C - Cintura
14029,Forcola,0.0,,,123.4,60+,C - Cintura
14030,Fusine,0.0,,,147.8,60+,C - Cintura
14031,Gerola Alta,0.0,,,130.5,60+,E - Periferico
14032,Gordona,0.0,,,142.9,60+,E - Periferico
14033,Grosio,0.0,,,204.5,60+,E - Periferico
14034,Grosotto,0.0,,,192.9,60+,E - Periferico
14035,Madesimo,0.0,,,152.0,60+,F - Ultraperiferico
14036,Lanzada,0.0,,,171.1,60+,C - Cintura
14037,Livigno,0.0,,,240.7,60+,F - Ultraperiferico
14038,Lovero,0.0,,,168.1,60+,E - Periferico
14039,Mantello,0.0,,,107.5,60+,D - Intermedio
14040,Mazzo di Valtellina,0.0,,,171.5,60+,E - Periferico
14041,Mello,0.0,,,138.5,60+,D - Intermedio
14042,Menarola,0.0,,,158.6,60+,E - Periferico
14043,Mese,0.0,,,123.2,60+,E - Periferico
14044,Montagna in Valtellina,0.0,,,173.1,60+,C - Cintura
14045,Morbegno,0.0,,,106.0,60+,D - Intermedio
14046,Novate Mezzola,0.0,,,107.7,60+,D - Intermedio
14047,Pedesina,0.0,,,129.1,60+,
14048,Piantedo,0.0,,,105.5,60+,D - Intermedio
14049,Piateda,0.0,,,157.3,60+,C - Cintura
14050,Piuro,0.0,,,148.4,60+,E - Periferico
14051,Poggiridenti,0.0,,,134.7,60+,C - Cintura
14052,Ponte in Valtellina,0.0,,,142.5,60+,C - Cintura
14053,Postalesio,0.0,,,143.1,60+,C - Cintura
14054,Prata Camportaccio,0.0,,,161.7,60+,E - Periferico
14055,Rasura,0.0,,,129.8,60+,
14056,Rogolo,0.0,,,109.5,60+,D - Intermedio
14057,Samolaco,0.0,,,118.3,60+,E - Periferico
14058,San Giacomo Filippo,0.0,,,150.5,60+,E - Periferico
14059,Sernio,0.0,,,166.0,60+,D - Intermedio
14060,Sondalo,0.0,,,182.0,60+,E - Periferico
14061,Sondrio,0.0,,,144.2,60+,A - Polo
14062,Spriana,0.0,,,135.3,60+,
14063,Talamona,0.0,,,115.3,60+,C - Cintura
14064,Tartano,0.0,,,130.7,60+,E - Periferico
14065,Teglio,0.0,,,170.3,60+,C - Cintura
14066,Tirano,0.0,,,162.8,60+,D - Intermedio
14067,Torre di Santa Maria,0.0,,,169.7,60+,C - Cintura
14068,Tovo di Sant'Agata,0.0,,,167.9,60+,E - Periferico
14069,Traona,0.0,,,122.0,60+,D - Intermedio
14070,Tresivio,0.0,,,167.7,60+,C - Cintura
14071,Valdidentro,0.0,,,205.2,60+,F - Ultraperiferico
14072,Valdisotto,0.0,,,188.7,60+,E - Periferico
14073,Valfurva,0.0,,,212.8,60+,F - Ultraperiferico
14074,Val Masino,0.0,,,128.2,60+,D - Intermedio
14075,Verceia,0.0,,,108.1,60+,D - Intermedio
14076,Vervio,0.0,,,204.3,60+,E - Periferico
14077,Villa di Chiavenna,0.0,,,140.1,60+,E - Periferico
14078,Villa di Tirano,0.0,,,155.7,60+,D - Intermedio
15001,Abbadia Cerreto,0.0,,,26.8,30-,C - Cintura
15002,Abbiategrasso,0.0,,,44.4,60-,C - Cintura
15003,Agrate Brianza,0.0,,,24.4,30-,C - Cintura
15004,Aicurzio,0.0,,,37.9,60-,C - Cintura
15005,Albairate,0.0,,,36.4,60-,C - Cintura
15006,Albiate,0.0,,,32.2,60-,C - Cintura
15007,Arconate,0.0,,,45.7,60-,C - Cintura
15008,Arcore,0.0,,,32.6,60-,B - Polo intercomunale
15009,Arese,0.0,,,31.4,60-,C - Cintura
15010,Arluno,0.0,,,38.6,60-,C - Cintura
15011,Assago,0.0,,,14.5,30-,C - Cintura
15012,Bareggio,0.0,,,31.0,30-,C - Cintura
15013,Barlassina,0.0,,,33.6,60-,C - Cintura
15014,Basiano,0.0,,,32.7,60-,C - Cintura
15015,Basiglio,0.0,,,22.1,30-,C - Cintura
15016,Bellinzago Lombardo,0.0,,,29.2,30-,C - Cintura
15017,Bellusco,0.0,,,32.4,60-,C - Cintura
15018,Bernareggio,0.0,,,34.7,60-,C - Cintura
15019,Bernate Ticino,0.0,,,43.2,60-,C - Cintura
15020,Bertonico,0.0,,,20.4,30-,C - Cintura
15021,Besana in Brianza,0.0,,,38.7,60-,C - Cintura
15022,Besate,0.0,,,33.6,60-,C - Cintura
15023,Biassono,0.0,,,33.7,60-,C - Cintura
15024,Binasco,0.0,,,20.1,30-,C - Cintura
15025,Boffalora d'Adda,0.0,,,19.8,30-,C - Cintura
15026,Boffalora Sopra Ticino,0.0,,,45.9,60-,C - Cintura
15027,Bollate,0.0,,,27.1,60-,C - Cintura
15028,Borghetto Lodigiano,0.0,,,14.4,30-,C - Cintura
15029,Borgo San Giovanni,0.0,,,5.9,30-,C - Cintura
15030,Bovisio-Masciago,0.0,,,28.3,60-,C - Cintura
15031,Brembio,0.0,,,10.8,30-,C - Cintura
15032,Bresso,0.0,,,21.4,30-,C - Cintura
15033,Briosco,0.0,,,39.9,60-,C - Cintura
15034,Brugherio,0.0,,,20.0,30-,C - Cintura
15035,Bubbiano,0.0,,,31.0,30-,C - Cintura
15036,Buccinasco,0.0,,,20.6,30-,C - Cintura
15037,Burago di Molgora,0.0,,,31.0,30-,C - Cintura
15038,Buscate,0.0,,,45.6,60-,C - Cintura
15039,Busnago,0.0,,,37.7,60-,C - Cintura
15040,Bussero,0.0,,,26.4,30-,C - Cintura
15041,Busto Garolfo,0.0,,,43.0,60-,C - Cintura
15042,Calvignasco,0.0,,,27.5,30-,C - Cintura
15043,Camairago,0.0,,,18.4,30-,C - Cintura
15044,Cambiago,0.0,,,30.6,30-,C - Cintura
15045,Camparada,0.0,,,38.2,60-,C - Cintura
15046,Canegrate,0.0,,,41.0,60-,C - Cintura
15047,Caponago,0.0,,,27.3,30-,C - Cintura
15048,Carate Brianza,0.0,,,35.0,60-,C - Cintura
15049,Carnate,0.0,,,31.1,60-,B - Polo intercomunale
15050,Carpiano,0.0,,,4.5,30-,C - Cintura
15051,Carugate,0.0,,,23.3,30-,C - Cintura
15052,Casaletto Lodigiano,0.0,,,13.6,30-,C - Cintura
15053,Casalmaiocco,0.0,,,13.1,30-,C - Cintura
15054,Casalpusterlengo,0.0,,,10.9,30-,C - Cintura
15055,Casarile,0.0,,,22.4,30-,C - Cintura
15056,Caselle Landi,0.0,,,23.4,30-,C - Cintura
15057,Caselle Lurani,0.0,,,14.3,30-,C - Cintura
15058,Casorezzo,0.0,,,39.5,60-,C - Cintura
15059,Cassano d'Adda,0.0,,,32.4,60-,C - Cintura
15060,Cassina de' Pecchi,0.0,,,28.7,30-,C - Cintura
15061,Cassinetta di Lugagnano,0.0,,,40.9,60-,C - Cintura
15062,Castano Primo,0.0,,,49.4,60-,C - Cintura
15063,Castelnuovo Bocca d'Adda,0.0,,,25.0,30-,C - Cintura
15064,Castiglione d'Adda,0.0,,,15.5,30-,C - Cintura
15065,Castiraga Vidardo,0.0,,,9.7,30-,C - Cintura
15066,Cavacurta,0.0,,,13.2,30-,C - Cintura
15067,Cavenago d'Adda,0.0,,,18.1,30-,C - Cintura
15068,Cavenago di Brianza,0.0,,,31.4,60-,C - Cintura
15069,Ceriano Laghetto,0.0,,,39.2,60-,C - Cintura
15070,Cernusco sul Naviglio,0.0,,,21.4,30-,C - Cintura
15071,Cerro al Lambro,0.0,,,12.9,30-,C - Cintura
15072,Cerro Maggiore,0.0,,,34.7,60-,C - Cintura
15073,Cervignano d'Adda,0.0,,,16.6,30-,C - Cintura
15074,Cesano Boscone,0.0,,,23.0,30-,C - Cintura
15075,Cesano Maderno,0.0,,,31.5,60-,C - Cintura
15076,Cesate,0.0,,,38.0,60-,C - Cintura
15077,Cinisello Balsamo,0.0,,,23.4,30-,C - Cintura
15078,Cisliano,0.0,,,29.1,30-,C - Cintura
15079,Codogno,0.0,,,9.3,30-,C - Cintura
15080,Cogliate,0.0,,,40.7,60-,C - Cintura
15081,Cologno Monzese,0.0,,,17.8,30-,C - Cintura
15082,Colturano,0.0,,,6.5,30-,C - Cintura
15083,Comazzo,0.0,,,24.0,30-,C - Cintura
15084,Concorezzo,0.0,,,25.2,30-,C - Cintura
15085,Corbetta,0.0,,,39.5,60-,C - Cintura
15086,Cormano,0.0,,,19.7,30-,C - Cintura
15087,Cornaredo,0.0,,,27.0,30-,C - Cintura
15088,Cornate d'Adda,0.0,,,41.9,60-,C - Cintura
15089,Cornegliano Laudense,0.0,,,5.1,30-,C - Cintura
15090,Corno Giovine,0.0,,,16.5,30-,C - Cintura
15091,Cornovecchio,0.0,,,21.8,30-,C - Cintura
15092,Correzzana,0.0,,,41.2,60-,C - Cintura
15093,Corsico,0.0,,,18.4,30-,C - Cintura
15094,Corte Palasio,0.0,,,21.1,30-,C - Cintura
15095,Crespiatica,0.0,,,19.2,30-,C - Cintura
15096,Cuggiono,0.0,,,44.0,60-,C - Cintura
15097,Cusago,0.0,,,27.5,30-,C - Cintura
15098,Cusano Milanino,0.0,,,22.8,30-,C - Cintura
15099,Dairago,0.0,,,46.4,60-,C - Cintura
15100,Desio,0.0,,,31.3,60-,A - Polo
15101,Dresano,0.0,,,10.3,30-,C - Cintura
15102,Fombio,0.0,,,2.4,30-,C - Cintura
15103,Gaggiano,0.0,,,25.5,30-,C - Cintura
15104,Galgagnano,0.0,,,15.2,30-,C - Cintura
15105,Garbagnate Milanese,0.0,,,32.8,60-,C - Cintura
15106,Gessate,0.0,,,26.8,30-,C - Cintura
15107,Giussano,0.0,,,35.0,60-,C - Cintura
15108,Gorgonzola,0.0,,,28.5,30-,C - Cintura
15109,Graffignana,0.0,,,14.1,30-,C - Cintura
15110,Grezzago,0.0,,,35.8,60-,C - Cintura
15111,Guardamiglio,1.0,1958.0,1959.0,3.3,30-,C - Cintura
15112,Gudo Visconti,0.0,,,31.9,60-,C - Cintura
15113,Inveruno,0.0,,,40.8,60-,C - Cintura
15114,Inzago,0.0,,,32.1,60-,C - Cintura
15115,Lacchiarella,0.0,,,21.1,30-,C - Cintura
15116,Lainate,0.0,,,29.3,60-,C - Cintura
15117,Lazzate,0.0,,,39.9,60-,C - Cintura
15118,Legnano,0.0,,,38.1,60-,A - Polo
15119,Lentate sul Seveso,0.0,,,36.0,60-,C - Cintura
15120,Lesmo,0.0,,,37.1,60-,C - Cintura
15121,Limbiate,0.0,,,32.7,60-,C - Cintura
15122,Liscate,0.0,,,23.1,30-,C - Cintura
15123,Lissone,0.0,,,30.0,30-,C - Cintura
15124,Livraga,0.0,,,5.1,30-,C - Cintura
15125,Locate di Triulzi,0.0,,,11.6,30-,C - Cintura
15126,Lodi,0.0,,,9.2,30-,A - Polo
15127,Lodi Vecchio,0.0,,,9.0,30-,C - Cintura
15128,Maccastorna,0.0,,,25.7,30-,C - Cintura
15129,Macherio,0.0,,,34.1,60-,C - Cintura
15130,Magenta,0.0,,,45.1,60-,A - Polo
15131,Magnago,0.0,,,48.8,60-,C - Cintura
15132,Mairago,0.0,,,16.0,30-,C - Cintura
15133,Maleo,0.0,,,13.9,30-,C - Cintura
15134,Marcallo con Casone,0.0,,,40.4,60-,C - Cintura
15135,Marudo,0.0,,,11.3,30-,C - Cintura
15136,Masate,0.0,,,31.7,60-,C - Cintura
15137,Massalengo,0.0,,,11.3,30-,C - Cintura
15138,Meda,0.0,,,34.6,60-,C - Cintura
15139,Mediglia,0.0,,,14.2,30-,C - Cintura
15140,Melegnano,1.0,1958.0,1959.0,8.0,30-,B - Polo intercomunale
15141,Meleti,0.0,,,22.8,30-,C - Cintura
15142,Melzo,0.0,,,24.0,30-,C - Cintura
15143,Merlino,0.0,,,18.7,30-,C - Cintura
15144,Mesero,0.0,,,42.3,60-,C - Cintura
15145,Mezzago,0.0,,,36.1,60-,C - Cintura
15146,Milano,0.0,,,8.7,30-,A - Polo
15147,Misinto,0.0,,,40.8,60-,C - Cintura
15148,Montanaso Lombardo,0.0,,,11.2,30-,C - Cintura
15149,Monza,0.0,,,25.9,30-,A - Polo
15150,Morimondo,0.0,,,38.7,60-,C - Cintura
15151,Motta Visconti,0.0,,,33.4,60-,C - Cintura
15152,Muggio',0.0,,,,30-,C - Cintura
15153,Mulazzano,0.0,,,15.7,30-,C - Cintura
15154,Nerviano,0.0,,,35.3,60-,C - Cintura
15155,Nosate,0.0,,,54.1,60-,C - Cintura
15156,Nova Milanese,0.0,,,27.6,30-,C - Cintura
15157,Novate Milanese,0.0,,,23.2,60-,C - Cintura
15158,Noviglio,0.0,,,25.0,30-,C - Cintura
15159,Opera,0.0,,,10.4,30-,C - Cintura
15160,Orio Litta,0.0,,,6.0,30-,C - Cintura
15161,Ornago,0.0,,,35.2,60-,C - Cintura
15162,Ospedaletto Lodigiano,1.0,1958.0,1959.0,1.0,30-,C - Cintura
15163,Ossago Lodigiano,0.0,,,12.6,30-,C - Cintura
15164,Ossona,0.0,,,35.7,60-,C - Cintura
15165,Ozzero,0.0,,,39.5,60-,C - Cintura
15166,Paderno Dugnano,0.0,,,25.6,30-,C - Cintura
15167,Pantigliate,0.0,,,11.5,30-,C - Cintura
15168,Parabiago,0.0,,,40.5,60-,C - Cintura
15169,Paullo,0.0,,,16.5,30-,C - Cintura
15170,Pero,0.0,,,23.7,30-,C - Cintura
15171,Peschiera Borromeo,0.0,,,9.7,30-,C - Cintura
15172,Pessano con Bornago,0.0,,,28.1,30-,C - Cintura
15173,Pieve Emanuele,0.0,,,15.2,30-,B - Polo intercomunale
15174,Pieve Fissiraga,1.0,1958.0,1959.0,3.0,30-,C - Cintura
15175,Pioltello,0.0,,,17.3,30-,C - Cintura
15176,Pogliano Milanese,0.0,,,34.7,60-,C - Cintura
15177,Pozzo d'Adda,0.0,,,34.3,60-,C - Cintura
15178,Pozzuolo Martesana,0.0,,,29.5,30-,C - Cintura
15179,Pregnana Milanese,0.0,,,32.3,60-,C - Cintura
15180,Renate,0.0,,,43.6,60-,C - Cintura
15181,Rescaldina,0.0,,,37.8,60-,C - Cintura
15182,Rho,0.0,,,28.9,60-,A - Polo
15183,Robecchetto con Induno,0.0,,,51.0,60-,C - Cintura
15184,Robecco sul Naviglio,0.0,,,44.2,60-,C - Cintura
15185,Rodano,0.0,,,19.3,30-,C - Cintura
15186,Roncello,0.0,,,39.7,60-,C - Cintura
15187,Ronco Briantino,0.0,,,36.6,60-,C - Cintura
15188,Rosate,0.0,,,27.8,30-,C - Cintura
15189,Rozzano,0.0,,,14.6,30-,B - Polo intercomunale
15190,Salerano sul Lambro,0.0,,,14.0,30-,C - Cintura
15191,San Colombano al Lambro,0.0,,,13.7,30-,C - Cintura
15192,San Donato Milanese,1.0,1958.0,1959.0,3.0,30-,A - Polo
15193,San Fiorano,0.0,,,6.7,30-,C - Cintura
15194,San Giorgio su Legnano,0.0,,,40.8,60-,C - Cintura
15195,San Giuliano Milanese,0.0,,,5.0,30-,C - Cintura
15196,San Martino in Strada,0.0,,,11.0,30-,C - Cintura
15197,San Rocco al Porto,0.0,,,4.8,30-,C - Cintura
15198,Sant'Angelo Lodigiano,0.0,,,9.0,30-,C - Cintura
15199,Santo Stefano Lodigiano,0.0,,,13.4,30-,C - Cintura
15200,Santo Stefano Ticino,0.0,,,37.5,60-,C - Cintura
15201,San Vittore Olona,0.0,,,36.7,60-,C - Cintura
15202,San Zenone al Lambro,0.0,,,12.8,30-,C - Cintura
15203,Secugnago,0.0,,,16.7,30-,C - Cintura
15204,Sedriano,0.0,,,32.0,60-,C - Cintura
15205,Segrate,0.0,,,14.4,30-,C - Cintura
15206,Senago,0.0,,,30.0,60-,C - Cintura
15207,Senna Lodigiana,0.0,,,11.7,30-,C - Cintura
15208,Seregno,0.0,,,31.2,60-,C - Cintura
15209,Sesto San Giovanni,0.0,,,18.6,30-,A - Polo
15210,Settala,0.0,,,15.1,30-,C - Cintura
15211,Settimo Milanese,0.0,,,25.1,30-,C - Cintura
15212,Seveso,0.0,,,32.1,60-,C - Cintura
15213,Solaro,0.0,,,36.8,60-,C - Cintura
15214,Somaglia,0.0,,,8.800000000000002,30-,C - Cintura
15215,Sordio,0.0,,,11.6,30-,C - Cintura
15216,Sovico,0.0,,,35.1,60-,C - Cintura
15217,Sulbiate,0.0,,,37.9,60-,C - Cintura
15218,Terranova dei Passerini,0.0,,,12.3,30-,C - Cintura
15219,Trezzano Rosa,0.0,,,34.0,60-,C - Cintura
15220,Trezzano sul Naviglio,0.0,,,21.9,30-,C - Cintura
15221,Trezzo sull'Adda,0.0,,,37.1,60-,C - Cintura
15222,Tribiano,0.0,,,11.6,30-,C - Cintura
15223,Triuggio,0.0,,,38.2,60-,C - Cintura
15224,Truccazzano,0.0,,,22.2,30-,C - Cintura
15225,Turano Lodigiano,0.0,,,18.2,30-,C - Cintura
15226,Turbigo,0.0,,,52.6,60-,C - Cintura
15227,Usmate Velate,0.0,,,33.9,60-,C - Cintura
15228,Valera Fratta,0.0,,,13.9,30-,C - Cintura
15229,Vanzago,0.0,,,37.7,60-,C - Cintura
15230,Vaprio d'Adda,0.0,,,34.9,60-,C - Cintura
15231,Varedo,0.0,,,27.0,60-,C - Cintura
15232,Vedano al Lambro,0.0,,,31.2,60-,C - Cintura
15233,Veduggio con Colzano,0.0,,,41.4,60-,C - Cintura
15234,Verano Brianza,0.0,,,33.4,60-,C - Cintura
15235,Vermezzo,0.0,,,34.4,60-,C - Cintura
15236,Vernate,0.0,,,24.6,30-,C - Cintura
15237,Vignate,0.0,,,21.2,30-,C - Cintura
15238,Villanova del Sillaro,0.0,,,9.4,30-,C - Cintura
15239,Villasanta,0.0,,,28.4,30-,C - Cintura
16010,Antegnate,0.0,,,44.5,60-,C - Cintura
16011,Arcene,0.0,,,40.1,60-,C - Cintura
16012,Ardesio,0.0,,,90.4,60+,E - Periferico
16013,Arzago d'Adda,0.0,,,31.2,30-,C - Cintura
16014,Averara,0.0,,,98.1,60+,E - Periferico
16015,Aviatico,0.0,,,77.4,60+,D - Intermedio
16016,Azzano San Paolo,0.0,,,47.7,60-,C - Cintura
16017,Azzone,0.0,,,118.8,60+,F - Ultraperiferico
16018,Bagnatica,0.0,,,54.1,60-,C - Cintura
16019,Barbata,0.0,,,48.0,60-,C - Cintura
16020,Bariano,0.0,,,36.6,60-,C - Cintura
16021,Barzana,0.0,,,55.6,60-,C - Cintura
16022,Bedulita,0.0,,,69.9,60+,C - Cintura
16023,Berbenno,0.0,,,67.9,60+,C - Cintura
16024,Bergamo,0.0,,,45.6,60-,A - Polo
16025,Berzo San Fermo,0.0,,,69.0,60+,D - Intermedio
16026,Bianzano,0.0,,,83.9,60+,D - Intermedio
16027,Blello,0.0,,,79.1,60+,
16028,Bolgare,0.0,,,56.1,60-,C - Cintura
16029,Boltiere,0.0,,,40.1,60-,C - Cintura
16030,Bonate Sopra,0.0,,,46.7,60-,C - Cintura
16092,Dossena,0.0,,,94.3,60+,E - Periferico
16093,Endine Gaiano,0.0,,,78.0,60+,E - Periferico
16094,Entratico,0.0,,,64.1,60+,D - Intermedio
16095,Erve,0.0,,,63.5,60+,C - Cintura
16096,Fara Gera d'Adda,0.0,,,37.9,60-,C - Cintura
16097,Fara Olivana con Sola,0.0,,,40.1,60-,C - Cintura
16098,Filago,0.0,,,39.5,60-,C - Cintura
16099,Fino del Monte,0.0,,,88.0,60+,E - Periferico
16100,Fiorano al Serio,0.0,,,67.2,60+,D - Intermedio
16101,Fontanella,0.0,,,50.0,60-,C - Cintura
16102,Fonteno,0.0,,,89.7,60+,E - Periferico
16103,Foppolo,0.0,,,112.8,60+,F - Ultraperiferico
16104,Foresto Sparso,0.0,,,66.2,60+,C - Cintura
16105,Fornovo San Giovanni,0.0,,,39.8,60-,C - Cintura
16106,Fuipiano Valle Imagna,0.0,,,87.2,60+,E - Periferico
16107,Gandellino,0.0,,,93.6,60+,E - Periferico
16108,Gandino,0.0,,,81.2,60+,D - Intermedio
16109,Gandosso,0.0,,,62.7,60+,C - Cintura
16110,Gaverina Terme,0.0,,,73.7,60+,D - Intermedio
16111,Gazzaniga,0.0,,,79.2,60+,D - Intermedio
16175,Premolo,0.0,,,86.5,60+,E - Periferico
16176,Presezzo,0.0,,,49.1,60-,B - Polo intercomunale
16177,Pumenengo,0.0,,,49.9,60-,C - Cintura
16178,Ranica,0.0,,,51.9,60-,C - Cintura
16179,Ranzanico,0.0,,,78.9,60+,E - Periferico
16180,Riva di Solto,0.0,,,82.6,60+,E - Periferico
16182,Rogno,0.0,,,102.9,60+,E - Periferico
16183,Romano di Lombardia,0.0,,,43.8,60-,C - Cintura
16184,Roncobello,0.0,,,99.0,60+,E - Periferico
16185,Roncola,0.0,,,74.0,60+,C - Cintura
16186,Rota d'Imagna,0.0,,,77.9,60+,D - Intermedio
16187,Rovetta,0.0,,,85.9,60+,E - Periferico
16188,San Giovanni Bianco,0.0,,,78.8,60+,D - Intermedio
16189,San Paolo d'Argon,0.0,,,53.9,60-,C - Cintura
16190,San Pellegrino Terme,0.0,,,77.5,60+,D - Intermedio
16191,Santa Brigida,0.0,,,99.5,60+,E - Periferico
16192,Sant'Omobono Imagna,0.0,,,70.6,60+,C - Cintura
16193,Sarnico,0.0,,,65.4,60+,C - Cintura
16194,Scanzorosciate,0.0,,,53.4,60-,C - Cintura
16195,Schilpario,0.0,,,114.7,60+,F - Ultraperiferico
40037,Roncofreddo,0.0,,,84.6,60+,C - Cintura
40038,Saludecio,0.0,,,100.7,60+,C - Cintura
40039,San Clemente,0.0,,,97.8,60+,C - Cintura
40040,San Giovanni in Marignano,0.0,,,90.3,60+,C - Cintura
40041,San Mauro Pascoli,0.0,,,77.2,60+,C - Cintura
40042,Santarcangelo di Romagna,0.0,,,80.3,60+,C - Cintura
40043,Santa Sofia,0.0,,,80.4,60+,E - Periferico
40044,Sarsina,0.0,,,92.6,60+,C - Cintura
40045,Savignano sul Rubicone,0.0,,,73.8,60+,C - Cintura
40046,Sogliano al Rubicone,0.0,,,94.3,60+,D - Intermedio
40048,Torriana,0.0,,,96.5,60+,D - Intermedio
40049,Tredozio,0.0,,,83.8,60+,D - Intermedio
40050,Verghereto,0.0,,,82.5,60+,E - Periferico
40051,Verucchio,0.0,,,92.3,60+,C - Cintura
58116,Ladispoli,0.0,,,52.1,60-,D - Intermedio
58117,Ardea,0.0,,,43.3,60-,D - Intermedio
58118,Ciampino,0.0,,,15.1,30-,C - Cintura
58119,San Cesareo,1.0,1962.0,1962.0,5.9,30-,C - Cintura
59001,Aprilia,0.0,,,49.3,60-,C - Cintura
59002,Bassiano,0.0,,,48.0,60-,D - Intermedio
59003,Campodimele,0.0,,,42.4,60-,D - Intermedio
59004,Castelforte,0.0,,,29.0,60-,D - Intermedio
59005,Cisterna di Latina,0.0,,,49.1,60-,C - Cintura
59006,Cori,0.0,,,36.5,60-,C - Cintura
59007,Fondi,0.0,,,57.5,60-,C - Cintura
59008,Formia,0.0,,,46.9,60-,A - Polo
59009,Gaeta,0.0,,,55.3,60-,C - Cintura
59010,Itri,0.0,,,56.2,60-,C - Cintura
59011,Latina,0.0,,,56.7,60-,A - Polo
59012,Lenola,0.0,,,41.1,60-,E - Periferico
59013,Maenza,0.0,,,31.2,60-,D - Intermedio
59014,Minturno,0.0,,,33.5,60-,C - Cintura
59015,Monte San Biagio,0.0,,,67.6,60-,D - Intermedio
59016,Norma,0.0,,,57.4,60-,D - Intermedio
59017,Pontinia,0.0,,,40.8,60-,C - Cintura
59019,Priverno,0.0,,,29.6,30-,D - Intermedio
60030,Coreno Ausonio,0.0,,,26.4,30-,D - Intermedio
60031,Esperia,0.0,,,32.5,30-,C - Cintura
60032,Falvaterra,0.0,,,15.2,30-,D - Intermedio
60033,Ferentino,0.0,,,12.3,30-,C - Cintura
60034,Filettino,0.0,,,44.2,60-,E - Periferico
60035,Fiuggi,0.0,,,22.3,30-,E - Periferico
60036,Fontana Liri,0.0,,,27.9,30-,D - Intermedio
60037,Fontechiari,0.0,,,39.5,60-,D - Intermedio
60038,Frosinone,1.0,1962.0,1962.0,2.7,30-,A - Polo
60039,Fumone,0.0,,,25.1,30-,D - Intermedio
60040,Gallinaro,0.0,,,30.8,30-,C - Cintura
60041,Giuliano di Roma,0.0,,,15.7,30-,C - Cintura
60042,Guarcino,0.0,,,34.5,30-,D - Intermedio
60043,Isola del Liri,0.0,,,29.6,30-,C - Cintura
60044,Monte San Giovanni Campano,0.0,,,23.8,30-,C - Cintura
60045,Morolo,0.0,,,19.8,30-,C - Cintura
60046,Paliano,0.0,,,7.9,30-,D - Intermedio
60047,Pastena,0.0,,,23.9,30-,D - Intermedio
60048,Patrica,0.0,,,10.1,30-,D - Intermedio
60049,Pescosolido,0.0,,,45.1,60-,D - Intermedio
60050,Picinisco,0.0,,,69.5,60-,D - Intermedio
60051,Pico,0.0,,,25.7,30-,D - Intermedio
15240,Tavazzano con Villavesco,0.0,,,15.0,30-,C - Cintura
15241,Vimercate,0.0,,,27.6,30-,B - Polo intercomunale
15242,Vimodrone,0.0,,,16.6,30-,C - Cintura
15243,Vittuone,0.0,,,33.2,60-,C - Cintura
15244,Vizzolo Predabissi,0.0,,,9.6,30-,B - Polo intercomunale
15245,Zelo Buon Persico,0.0,,,18.1,30-,C - Cintura
15246,Zelo Surrigone,0.0,,,32.7,60-,C - Cintura
15247,Zibido San Giacomo,0.0,,,24.4,30-,C - Cintura
15248,Villa Cortese,0.0,,,41.9,60-,C - Cintura
15249,Vanzaghello,0.0,,,49.2,60-,C - Cintura
16001,Adrara San Martino,0.0,,,73.2,60+,C - Cintura
16002,Adrara San Rocco,0.0,,,77.4,60+,D - Intermedio
16003,Albano Sant'Alessandro,0.0,,,54.0,60-,C - Cintura
16004,Albino,0.0,,,60.3,60+,C - Cintura
16005,Alme',0.0,,,,60-,C - Cintura
16006,Almenno San Bartolomeo,0.0,,,59.9,60-,C - Cintura
16007,Almenno San Salvatore,0.0,,,57.0,60-,C - Cintura
16008,Alzano Lombardo,0.0,,,62.6,60-,C - Cintura
16009,Ambivere,0.0,,,55.6,60-,C - Cintura
16031,Bonate Sotto,0.0,,,43.7,60-,C - Cintura
16032,Borgo di Terzo,0.0,,,69.0,60+,D - Intermedio
16033,Bossico,0.0,,,102.3,60+,E - Periferico
16034,Bottanuco,0.0,,,39.7,60-,C - Cintura
16035,Bracca,0.0,,,74.0,60+,D - Intermedio
16036,Branzi,0.0,,,99.8,60+,E - Periferico
16037,Brembate,0.0,,,35.8,60-,C - Cintura
16038,Brembate di Sopra,0.0,,,54.2,60-,C - Cintura
16039,Brembilla,0.0,,,66.0,60+,C - Cintura
16040,Brignano Gera d'Adda,0.0,,,39.1,60-,C - Cintura
16041,Brumano,0.0,,,87.9,60+,
16042,Brusaporto,0.0,,,52.8,60-,C - Cintura
16043,Calcinate,0.0,,,54.3,60-,C - Cintura
16044,Calcio,0.0,,,43.4,60-,C - Cintura
16045,Calolziocorte,0.0,,,53.2,60-,C - Cintura
16046,Calusco d'Adda,0.0,,,48.6,60-,C - Cintura
16047,Calvenzano,0.0,,,34.6,60-,C - Cintura
16048,Camerata Cornello,0.0,,,93.0,60+,D - Intermedio
16049,Canonica d'Adda,0.0,,,39.4,60-,C - Cintura
16050,Capizzone,0.0,,,67.4,60+,C - Cintura
16051,Capriate San Gervasio,0.0,,,35.0,60-,C - Cintura
16052,Caprino Bergamasco,0.0,,,57.7,60-,C - Cintura
16053,Caravaggio,0.0,,,36.5,60-,C - Cintura
16054,Carenno,0.0,,,72.2,60+,C - Cintura
16055,Carobbio degli Angeli,0.0,,,56.8,60-,C - Cintura
16056,Carona,0.0,,,106.7,60+,E - Periferico
16057,Carvico,0.0,,,49.4,60-,C - Cintura
16058,Casazza,0.0,,,69.7,60+,D - Intermedio
16059,Casirate d'Adda,0.0,,,28.8,60-,C - Cintura
16060,Casnigo,0.0,,,71.8,60+,D - Intermedio
16061,Cassiglio,0.0,,,95.3,60+,
16062,Castelli Calepio,0.0,,,55.9,60-,C - Cintura
16063,Castel Rozzone,0.0,,,39.1,60-,C - Cintura
16064,Castione della Presolana,0.0,,,91.1,60+,E - Periferico
16065,Castro,0.0,,,92.0,60+,E - Periferico
16066,Cavernago,0.0,,,53.7,60-,C - Cintura
16067,Cazzano Sant'Andrea,0.0,,,69.0,60+,D - Intermedio
16068,Cenate Sopra,0.0,,,64.1,60+,C - Cintura
16069,Cenate Sotto,0.0,,,57.9,60-,C - Cintura
16070,Cene,0.0,,,65.2,60+,D - Intermedio
16071,Cerete,0.0,,,86.5,60+,E - Periferico
16072,Chignolo d'Isola,0.0,,,46.0,60-,C - Cintura
16073,Chiuduno,0.0,,,54.1,60-,C - Cintura
16074,Cisano Bergamasco,0.0,,,54.3,60-,C - Cintura
16075,Ciserano,0.0,,,43.6,60-,C - Cintura
16076,Cividate al Piano,0.0,,,47.6,60-,C - Cintura
16077,Clusone,0.0,,,78.8,60+,E - Periferico
16078,Colere,0.0,,,105.7,60+,F - Ultraperiferico
16079,Cologno al Serio,0.0,,,43.5,60-,C - Cintura
16080,Colzate,0.0,,,75.8,60+,D - Intermedio
16081,Comun Nuovo,0.0,,,45.4,60-,C - Cintura
16082,Corna Imagna,0.0,,,80.0,60+,D - Intermedio
16083,Cortenuova,,,,,60-,C - Cintura
16084,Costa di Mezzate,0.0,,,52.3,60-,C - Cintura
16085,Costa Valle Imagna,0.0,,,80.9,60+,D - Intermedio
16086,Costa Volpino,0.0,,,95.1,60+,E - Periferico
16087,Covo,0.0,,,43.6,60-,C - Cintura
16088,Credaro,0.0,,,62.2,60+,C - Cintura
16089,Curno,0.0,,,46.4,60-,C - Cintura
16090,Cusio,0.0,,,110.5,60+,E - Periferico
16091,Dalmine,0.0,,,43.8,60-,C - Cintura
16112,Gerosa,0.0,,,71.0,60+,C - Cintura
16113,Ghisalba,0.0,,,49.8,60-,C - Cintura
16114,Gorlago,0.0,,,55.4,60-,C - Cintura
16115,Gorle,0.0,,,49.6,60-,C - Cintura
16116,Gorno,0.0,,,85.2,60+,E - Periferico
16117,Grassobbio,0.0,,,50.5,60-,C - Cintura
16118,Gromo,0.0,,,104.6,60+,E - Periferico
16119,Grone,0.0,,,69.3,60+,D - Intermedio
16120,Grumello del Monte,0.0,,,53.0,60-,C - Cintura
16121,Isola di Fondra,0.0,,,93.8,60+,E - Periferico
16122,Isso,0.0,,,42.3,60-,C - Cintura
16123,Lallio,0.0,,,42.9,60-,C - Cintura
16124,Leffe,0.0,,,73.3,60+,D - Intermedio
16125,Lenna,0.0,,,84.9,60+,E - Periferico
16126,Levate,0.0,,,45.2,60-,C - Cintura
16127,Locatello,0.0,,,77.1,60+,D - Intermedio
16128,Lovere,0.0,,,96.7,60+,E - Periferico
16129,Lurano,0.0,,,41.3,60-,C - Cintura
16130,Luzzana,0.0,,,65.9,60+,D - Intermedio
16131,Madone,0.0,,,41.5,60-,C - Cintura
16132,Mapello,0.0,,,54.4,60-,C - Cintura
16133,Martinengo,0.0,,,48.7,60-,C - Cintura
16134,Mezzoldo,0.0,,,101.0,60+,
16135,Misano di Gera d'Adda,0.0,,,36.6,60-,C - Cintura
16136,Moio de' Calvi,0.0,,,91.5,60+,E - Periferico
16137,Monasterolo del Castello,0.0,,,73.6,60+,E - Periferico
16138,Monte Marenzo,0.0,,,57.6,60-,C - Cintura
16139,Montello,0.0,,,55.6,60-,C - Cintura
16140,Morengo,0.0,,,40.0,60-,C - Cintura
16141,Mornico al Serio,0.0,,,54.6,60-,C - Cintura
16142,Mozzanica,0.0,,,42.1,60-,C - Cintura
16143,Mozzo,0.0,,,47.8,60-,C - Cintura
16144,Nembro,0.0,,,59.2,60-,C - Cintura
16145,Olmo al Brembo,0.0,,,87.1,60+,E - Periferico
16146,Oltre il Colle,0.0,,,102.7,60+,E - Periferico
16147,Oltressenda Alta,0.0,,,116.9,60+,E - Periferico
16148,Oneta,0.0,,,84.0,60+,E - Periferico
16149,Onore,0.0,,,88.7,60+,E - Periferico
16150,Orio al Serio,0.0,,,47.9,60-,C - Cintura
16151,Ornica,0.0,,,104.4,60+,E - Periferico
16152,Osio Sopra,0.0,,,44.0,60-,C - Cintura
16153,Osio Sotto,0.0,,,41.3,60-,C - Cintura
16154,Pagazzano,0.0,,,40.3,60-,C - Cintura
16155,Paladina,0.0,,,50.7,60-,C - Cintura
16156,Palazzago,0.0,,,64.4,60-,C - Cintura
16157,Palosco,0.0,,,53.1,60-,C - Cintura
16158,Parre,0.0,,,92.6,60+,E - Periferico
16159,Parzanica,0.0,,,89.1,60+,
16160,Pedrengo,0.0,,,51.4,60-,C - Cintura
16161,Peia,0.0,,,78.5,60+,D - Intermedio
16162,Pianico,0.0,,,90.5,60+,E - Periferico
16163,Piario,0.0,,,78.8,60+,E - Periferico
16164,Piazza Brembana,0.0,,,82.7,60+,E - Periferico
16165,Piazzatorre,0.0,,,100.3,60+,E - Periferico
16166,Piazzolo,0.0,,,94.5,60+,
16167,Pognano,0.0,,,44.1,60-,C - Cintura
16168,Ponte Nossa,0.0,,,74.1,60+,D - Intermedio
16169,Ponteranica,0.0,,,59.5,60-,C - Cintura
16170,Ponte San Pietro,0.0,,,48.6,60-,B - Polo intercomunale
16171,Pontida,0.0,,,52.8,60-,C - Cintura
16172,Pontirolo Nuovo,0.0,,,41.2,60-,C - Cintura
16173,Pradalunga,0.0,,,62.1,60-,C - Cintura
16174,Predore,0.0,,,72.8,60+,C - Cintura
16196,Sedrina,0.0,,,61.5,60-,C - Cintura
16197,Selvino,0.0,,,70.1,60+,D - Intermedio
16198,Seriate,0.0,,,47.6,60-,C - Cintura
16199,Serina,0.0,,,83.0,60+,E - Periferico
16200,Solto Collina,0.0,,,83.7,60+,E - Periferico
16201,Songavazzo,0.0,,,105.9,60+,E - Periferico
16202,Sorisole,0.0,,,57.2,60-,C - Cintura
16203,Sotto il Monte Giovanni XXIII,0.0,,,53.1,60-,C - Cintura
16204,Sovere,0.0,,,93.7,60+,E - Periferico
16205,Spinone al Lago,0.0,,,73.1,60+,D - Intermedio
16206,Spirano,0.0,,,46.0,60-,C - Cintura
16207,Stezzano,0.0,,,42.9,60-,C - Cintura
16208,Strozza,0.0,,,60.8,60+,C - Cintura
16209,Suisio,0.0,,,42.9,60-,C - Cintura
16210,Taleggio,0.0,,,88.4,60+,E - Periferico
16211,Tavernola Bergamasca,0.0,,,78.8,60+,D - Intermedio
16212,Telgate,0.0,,,54.4,60-,C - Cintura
16213,Terno d'Isola,0.0,,,50.3,60-,C - Cintura
16214,Torre Boldone,0.0,,,50.5,60-,C - Cintura
16215,Torre de' Busi,0.0,,,59.7,60-,C - Cintura
16216,Torre de' Roveri,0.0,,,53.6,60-,C - Cintura
16217,Torre Pallavicina,0.0,,,50.6,60-,C - Cintura
16218,Trescore Balneario,0.0,,,58.2,60-,C - Cintura
16219,Treviglio,0.0,,,35.0,60-,A - Polo
16220,Treviolo,0.0,,,44.9,60-,C - Cintura
16221,Ubiale Clanezzo,0.0,,,67.7,60+,C - Cintura
16222,Urgnano,0.0,,,47.9,60-,C - Cintura
16223,Valbondione,0.0,,,98.6,60+,E - Periferico
16224,Valbrembo,0.0,,,51.1,60-,C - Cintura
16225,Valgoglio,0.0,,,97.9,60+,E - Periferico
16226,Valleve,0.0,,,112.9,60+,E - Periferico
16227,Valnegra,0.0,,,91.6,60+,
16228,Valsecca,0.0,,,78.0,60+,C - Cintura
16229,Valtorta,0.0,,,103.8,60+,E - Periferico
16230,Vedeseta,0.0,,,124.0,60+,E - Periferico
16231,Vercurago,0.0,,,55.2,60-,C - Cintura
16232,Verdellino,0.0,,,42.5,60-,C - Cintura
16233,Verdello,0.0,,,44.8,60-,C - Cintura
16234,Vertova,0.0,,,93.6,60+,D - Intermedio
16235,Viadanica,0.0,,,69.1,60+,C - Cintura
16236,Vigano San Martino,0.0,,,66.2,60+,D - Intermedio
16237,Vigolo,0.0,,,96.1,60+,E - Periferico
16238,Villa d'Adda,0.0,,,50.7,60-,C - Cintura
16239,Villa d'Alme',0.0,,,,60-,C - Cintura
16240,Villa di Serio,0.0,,,53.6,60-,C - Cintura
16241,Villa d'Ogna,0.0,,,80.5,60+,E - Periferico
16242,Villongo,0.0,,,63.5,60+,C - Cintura
16243,Vilminore di Scalve,0.0,,,116.5,60+,F - Ultraperiferico
16244,Zandobbio,0.0,,,60.6,60-,C - Cintura
16245,Zanica,0.0,,,47.1,60-,C - Cintura
16246,Zogno,0.0,,,68.5,60+,C - Cintura
16247,Costa Serina,0.0,,,82.0,60+,E - Periferico
16248,Algua,0.0,,,78.6,60+,D - Intermedio
16249,Cornalba,0.0,,,82.6,60+,E - Periferico
16250,Medolago,,,,,60-,C - Cintura
16251,Solza,0.0,,,46.4,60-,C - Cintura
17001,Acquafredda,0.0,,,62.0,60+,C - Cintura
17002,Adro,0.0,,,60.3,60-,C - Cintura
17003,Agnosine,0.0,,,91.3,60+,E - Periferico
17004,Alfianello,0.0,,,34.4,60-,C - Cintura
17005,Anfo,0.0,,,108.9,60+,E - Periferico
17006,Angolo Terme,0.0,,,103.7,60+,E - Periferico
17007,Artogne,0.0,,,113.7,60+,E - Periferico
17008,Azzano Mella,0.0,,,56.0,60-,C - Cintura
17009,Bagnolo Mella,0.0,,,49.0,60-,C - Cintura
17010,Bagolino,0.0,,,118.1,60+,F - Ultraperiferico
17011,Barbariga,0.0,,,53.7,60-,D - Intermedio
17012,Barghe,0.0,,,82.4,60+,E - Periferico
17013,Bassano Bresciano,0.0,,,40.6,60-,C - Cintura
17014,Bedizzole,0.0,,,68.7,60+,C - Cintura
17015,Berlingo,0.0,,,55.1,60-,C - Cintura
17016,Berzo Demo,0.0,,,138.5,60+,F - Ultraperiferico
17017,Berzo Inferiore,0.0,,,119.2,60+,E - Periferico
17018,Bienno,0.0,,,122.8,60+,E - Periferico
17019,Bione,0.0,,,92.5,60+,E - Periferico
17020,Borgo San Giacomo,0.0,,,52.1,60-,D - Intermedio
17021,Borgosatollo,0.0,,,52.4,60-,C - Cintura
17022,Borno,0.0,,,118.1,60+,F - Ultraperiferico
17023,Botticino,0.0,,,65.4,60+,C - Cintura
17024,Bovegno,0.0,,,104.9,60+,E - Periferico
17025,Bovezzo,0.0,,,67.4,60+,C - Cintura
17026,Brandico,0.0,,,60.1,60-,D - Intermedio
17027,Braone,0.0,,,118.1,60+,F - Ultraperiferico
17028,Breno,0.0,,,130.6,60+,E - Periferico
17029,Brescia,0.0,,,54.1,60-,A - Polo
17030,Brione,0.0,,,74.2,60+,D - Intermedio
17031,Caino,0.0,,,74.6,60+,D - Intermedio
17032,Calcinato,0.0,,,64.6,60+,C - Cintura
17033,Calvagese della Riviera,0.0,,,72.1,60+,C - Cintura
17034,Calvisano,0.0,,,64.3,60+,D - Intermedio
17035,Capo di Ponte,0.0,,,125.4,60+,F - Ultraperiferico
17036,Capovalle,0.0,,,104.5,60+,F - Ultraperiferico
17037,Capriano del Colle,0.0,,,53.3,60-,C - Cintura
17038,Capriolo,0.0,,,56.0,60-,C - Cintura
17039,Carpenedolo,0.0,,,67.8,60+,C - Cintura
17040,Castegnato,0.0,,,58.1,60-,C - Cintura
17041,Castelcovati,0.0,,,51.4,60-,C - Cintura
17042,Castel Mella,0.0,,,57.0,60-,C - Cintura
17043,Castenedolo,0.0,,,56.5,60-,C - Cintura
17044,Casto,0.0,,,91.4,60+,E - Periferico
17045,Castrezzato,0.0,,,51.7,60-,C - Cintura
17046,Cazzago San Martino,0.0,,,57.4,60+,C - Cintura
17047,Cedegolo,0.0,,,139.8,60+,F - Ultraperiferico
17048,Cellatica,0.0,,,61.5,60+,C - Cintura
17049,Cerveno,0.0,,,117.3,60+,F - Ultraperiferico
17050,Ceto,0.0,,,118.1,60+,F - Ultraperiferico
17052,Chiari,0.0,,,50.3,60-,B - Polo intercomunale
17053,Cigole,0.0,,,47.7,60-,D - Intermedio
17054,Cimbergo,0.0,,,133.6,60+,
17055,Cividate Camuno,0.0,,,105.0,60+,E - Periferico
17056,Coccaglio,0.0,,,55.5,60-,C - Cintura
17057,Collebeato,0.0,,,63.5,60+,C - Cintura
17058,Collio,0.0,,,107.6,60+,E - Periferico
17059,Cologne,0.0,,,56.9,60-,C - Cintura
17060,Comezzano-Cizzago,0.0,,,58.4,60-,C - Cintura
17061,Concesio,0.0,,,65.7,60+,C - Cintura
17062,Corte Franca,0.0,,,65.4,60+,C - Cintura
17063,Corteno Golgi,0.0,,,153.0,60+,E - Periferico
17064,Corzano,0.0,,,57.1,60-,D - Intermedio
17065,Darfo Boario Terme,0.0,,,98.9,60+,E - Periferico
17066,Dello,0.0,,,51.3,60-,D - Intermedio
17067,Desenzano del Garda,0.0,,,68.3,60+,A - Polo
17068,Edolo,0.0,,,164.6,60+,E - Periferico
17069,Erbusco,0.0,,,61.8,60-,C - Cintura
17070,Esine,0.0,,,103.5,60+,E - Periferico
17071,Fiesse,0.0,,,52.1,60-,D - Intermedio
17072,Flero,0.0,,,53.6,60-,C - Cintura
17073,Gambara,0.0,,,49.5,60-,D - Intermedio
17074,Gardone Riviera,0.0,,,88.6,60+,D - Intermedio
17075,Gardone Val Trompia,0.0,,,81.8,60+,D - Intermedio
17076,Gargnano,0.0,,,111.4,60+,E - Periferico
17077,Gavardo,0.0,,,72.2,60+,D - Intermedio
17078,Ghedi,0.0,,,51.6,60-,D - Intermedio
17079,Gianico,0.0,,,114.8,60+,E - Periferico
17080,Gottolengo,0.0,,,54.1,60-,D - Intermedio
17081,Gussago,0.0,,,64.5,60+,C - Cintura
17082,Idro,0.0,,,106.2,60+,E - Periferico
17083,Incudine,0.0,,,144.1,60+,
17084,Irma,0.0,,,101.4,60+,E - Periferico
17085,Iseo,0.0,,,70.4,60+,D - Intermedio
17086,Isorella,0.0,,,55.1,60-,D - Intermedio
17087,Lavenone,0.0,,,95.3,60+,E - Periferico
17088,Leno,0.0,,,46.2,60-,D - Intermedio
17089,Limone sul Garda,0.0,,,120.9,60+,E - Periferico
17090,Lodrino,0.0,,,90.4,60+,E - Periferico
17091,Lograto,0.0,,,59.4,60-,C - Cintura
17092,Lonato,0.0,,,75.0,60+,C - Cintura
17093,Longhena,0.0,,,54.9,60-,D - Intermedio
17094,Losine,0.0,,,114.3,60+,E - Periferico
17095,Lozio,0.0,,,122.6,60+,F - Ultraperiferico
17096,Lumezzane,0.0,,,80.0,60+,D - Intermedio
17097,Maclodio,0.0,,,58.3,60-,C - Cintura
17098,Magasa,0.0,,,131.5,60+,
17099,Mairano,0.0,,,59.3,60-,C - Cintura
17100,Malegno,0.0,,,109.0,60+,E - Periferico
17101,Malonno,0.0,,,140.5,60+,F - Ultraperiferico
17102,Manerba del Garda,0.0,,,85.6,60+,C - Cintura
17103,Manerbio,0.0,,,42.6,60-,C - Cintura
17104,Marcheno,0.0,,,83.6,60+,D - Intermedio
17105,Marmentino,0.0,,,95.3,60+,E - Periferico
17106,Marone,0.0,,,79.7,60+,D - Intermedio
17107,Mazzano,0.0,,,59.6,60+,C - Cintura
17108,Milzano,0.0,,,38.6,60-,C - Cintura
17109,Moniga del Garda,0.0,,,83.7,60+,C - Cintura
17110,Monno,0.0,,,155.3,60+,F - Ultraperiferico
17111,Monte Isola,0.0,,,91.3,60+,D - Intermedio
17112,Monticelli Brusati,0.0,,,66.8,60+,C - Cintura
17113,Montichiari,0.0,,,60.8,60+,C - Cintura
17114,Montirone,0.0,,,51.8,60-,C - Cintura
17115,Mura,0.0,,,94.6,60+,E - Periferico
17116,Muscoline,0.0,,,72.0,60+,C - Cintura
17117,Nave,0.0,,,68.9,60+,C - Cintura
17118,Niardo,0.0,,,112.5,60+,F - Ultraperiferico
17119,Nuvolento,0.0,,,65.1,60+,D - Intermedio
17120,Nuvolera,0.0,,,63.3,60+,C - Cintura
17121,Odolo,0.0,,,87.5,60+,E - Periferico
17122,Offlaga,0.0,,,45.8,60-,D - Intermedio
17123,Ome,0.0,,,66.7,60+,C - Cintura
17124,Ono San Pietro,0.0,,,133.8,60+,F - Ultraperiferico
17125,Orzinuovi,0.0,,,51.2,60-,D - Intermedio
17126,Orzivecchi,0.0,,,51.6,60-,D - Intermedio
17127,Ospitaletto,0.0,,,55.6,60-,C - Cintura
17128,Ossimo,0.0,,,125.9,60+,F - Ultraperiferico
17129,Padenghe sul Garda,0.0,,,83.1,60+,C - Cintura
17130,Paderno Franciacorta,0.0,,,57.6,60-,C - Cintura
17131,Paisco Loveno,0.0,,,138.4,60+,F - Ultraperiferico
17132,Paitone,0.0,,,75.9,60+,C - Cintura
17133,Palazzolo sull'Oglio,0.0,,,57.7,60-,B - Polo intercomunale
17134,Paratico,0.0,,,60.0,60+,C - Cintura
17135,Paspardo,0.0,,,127.0,60+,F - Ultraperiferico
17136,Passirano,0.0,,,59.5,60+,C - Cintura
17137,Pavone del Mella,0.0,,,44.8,60-,D - Intermedio
17138,San Paolo,0.0,,,53.3,60-,D - Intermedio
17139,Pertica Alta,0.0,,,98.4,60+,E - Periferico
17140,Pertica Bassa,0.0,,,93.4,60+,
17141,Pezzaze,0.0,,,109.6,60+,E - Periferico
17142,Pian Camuno,0.0,,,100.6,60+,E - Periferico
17143,Pisogne,0.0,,,112.8,60+,E - Periferico
17144,Polaveno,0.0,,,76.0,60+,D - Intermedio
17145,Polpenazze del Garda,0.0,,,77.2,60+,C - Cintura
17146,Pompiano,0.0,,,59.7,60-,D - Intermedio
17147,Poncarale,0.0,,,50.1,60-,C - Cintura
17148,Ponte di Legno,0.0,,,162.7,60+,F - Ultraperiferico
17149,Pontevico,0.0,,,34.7,60-,C - Cintura
17150,Pontoglio,0.0,,,56.3,60-,C - Cintura
17151,Pozzolengo,0.0,,,70.2,60+,C - Cintura
17152,Pralboino,0.0,,,42.9,60-,C - Cintura
17153,Preseglie,0.0,,,87.8,60+,E - Periferico
17154,Prestine,0.0,,,122.1,60+,E - Periferico
17155,Prevalle,0.0,,,67.9,60+,C - Cintura
17156,Provaglio d'Iseo,0.0,,,65.5,60+,C - Cintura
17157,Provaglio Val Sabbia,0.0,,,90.5,60+,E - Periferico
17158,Puegnago sul Garda,0.0,,,,60+,C - Cintura
17159,Quinzano d'Oglio,0.0,,,48.3,60-,D - Intermedio
17160,Remedello,0.0,,,62.5,60+,D - Intermedio
17161,Rezzato,0.0,,,60.3,60-,C - Cintura
17162,Roccafranca,0.0,,,53.2,60-,C - Cintura
17163,Rodengo-Saiano,0.0,,,,60+,C - Cintura
17164,Roe' Volciano,0.0,,,,60+,D - Intermedio
17165,Roncadelle,0.0,,,51.2,60-,C - Cintura
17166,Rovato,0.0,,,53.9,60-,C - Cintura
17167,Rudiano,0.0,,,50.0,60-,C - Cintura
17168,Sabbio Chiese,0.0,,,84.2,60+,D - Intermedio
17169,Sale Marasino,0.0,,,70.9,60+,D - Intermedio
17170,Salo',0.0,,,,60+,D - Intermedio
17171,San Felice del Benaco,0.0,,,85.9,60+,C - Cintura
17172,San Gervasio Bresciano,0.0,,,43.3,60-,C - Cintura
17173,San Zeno Naviglio,0.0,,,49.0,60-,C - Cintura
17174,Sarezzo,0.0,,,74.3,60+,D - Intermedio
17176,Sellero,0.0,,,119.2,60+,F - Ultraperiferico
17177,Seniga,0.0,,,40.4,60-,C - Cintura
17178,Serle,0.0,,,77.9,60+,D - Intermedio
17179,Sirmione,0.0,,,77.4,60+,C - Cintura
17180,Soiano del Lago,0.0,,,80.0,60+,C - Cintura
17181,Sonico,0.0,,,154.8,60+,E - Periferico
17182,Sulzano,0.0,,,73.2,60+,D - Intermedio
17183,Tavernole sul Mella,0.0,,,94.6,60+,E - Periferico
17184,Temu',0.0,,,,60+,F - Ultraperiferico
17185,Tignale,0.0,,,117.9,60+,F - Ultraperiferico
17186,Torbole Casaglia,0.0,,,57.7,60-,C - Cintura
17187,Toscolano-Maderno,0.0,,,94.7,60+,E - Periferico
17188,Travagliato,0.0,,,56.2,60-,C - Cintura
17189,Tremosine,0.0,,,127.1,60+,E - Periferico
17190,Trenzano,0.0,,,58.6,60-,C - Cintura
17191,Treviso Bresciano,0.0,,,98.4,60+,E - Periferico
17192,Urago d'Oglio,0.0,,,47.5,60-,C - Cintura
17193,Vallio Terme,0.0,,,78.2,60+,D - Intermedio
17194,Valvestino,0.0,,,116.3,60+,F - Ultraperiferico
17195,Verolanuova,0.0,,,43.5,60-,D - Intermedio
17196,Verolavecchia,0.0,,,47.1,60-,D - Intermedio
17197,Vestone,0.0,,,86.1,60+,E - Periferico
17198,Vezza d'Oglio,0.0,,,151.4,60+,F - Ultraperiferico
17199,Villa Carcina,0.0,,,70.6,60+,C - Cintura
17200,Villachiara,0.0,,,62.3,60-,D - Intermedio
17201,Villanuova sul Clisi,0.0,,,74.8,60+,D - Intermedio
17202,Vione,0.0,,,152.2,60+,F - Ultraperiferico
17203,Visano,0.0,,,61.7,60+,D - Intermedio
17204,Vobarno,0.0,,,87.7,60+,D - Intermedio
17205,Zone,0.0,,,85.0,60+,E - Periferico
17206,Piancogno,0.0,,,103.1,60+,E - Periferico
18001,Alagna,0.0,,,46.2,60-,C - Cintura
18002,Albaredo Arnaboldi,0.0,,,37.6,60-,C - Cintura
18003,Albonese,0.0,,,62.8,60+,C - Cintura
18004,Albuzzano,0.0,,,21.4,30-,C - Cintura
18005,Arena Po,0.0,,,24.5,60-,D - Intermedio
18006,Badia Pavese,0.0,,,17.4,30-,C - Cintura
18007,Bagnaria,0.0,,,76.5,60+,C - Cintura
18008,Barbianello,0.0,,,42.9,60-,C - Cintura
18009,Bascape',0.0,,,,30-,C - Cintura
18010,Bastida de' Dossi,0.0,,,49.0,60-,C - Cintura
18011,Bastida Pancarana,0.0,,,51.3,60-,C - Cintura
18012,Battuda,0.0,,,33.3,60-,C - Cintura
18013,Belgioioso,0.0,,,28.7,30-,C - Cintura
18014,Bereguardo,0.0,,,32.7,30-,C - Cintura
18015,Borgarello,0.0,,,27.3,30-,C - Cintura
18016,Borgo Priolo,0.0,,,54.9,60-,C - Cintura
18017,Borgoratto Mormorolo,0.0,,,59.8,60-,
18018,Borgo San Siro,0.0,,,44.1,60-,C - Cintura
18019,Bornasco,0.0,,,20.0,30-,C - Cintura
18020,Bosnasco,0.0,,,34.2,60-,D - Intermedio
18021,Brallo di Pregola,0.0,,,76.4,60+,E - Periferico
18022,Breme,0.0,,,70.4,60+,C - Cintura
18023,Bressana Bottarone,0.0,,,45.1,60-,C - Cintura
18024,Broni,0.0,,,45.1,60-,C - Cintura
18025,Calvignano,0.0,,,49.4,60-,C - Cintura
18026,Campospinoso,0.0,,,34.7,60-,C - Cintura
18027,Candia Lomellina,0.0,,,73.1,60+,C - Cintura
18028,Canevino,0.0,,,55.3,60-,E - Periferico
18029,Canneto Pavese,0.0,,,40.7,60-,D - Intermedio
18030,Carbonara al Ticino,0.0,,,38.4,60-,C - Cintura
18031,Casanova Lonati,0.0,,,39.7,60-,C - Cintura
18032,Casatisma,0.0,,,43.3,60-,C - Cintura
18033,Casei Gerola,0.0,,,42.3,60-,C - Cintura
18034,Casorate Primo,0.0,,,28.9,30-,C - Cintura
18035,Cassolnovo,0.0,,,60.1,60-,C - Cintura
18036,Castana,0.0,,,42.3,60-,
18037,Casteggio,0.0,,,43.9,60-,C - Cintura
18038,Castelletto di Branduzzo,0.0,,,50.2,60-,C - Cintura
18039,Castello d'Agogna,0.0,,,61.2,60+,C - Cintura
18040,Castelnovetto,0.0,,,68.8,60+,C - Cintura
18041,Cava Manara,0.0,,,43.2,60-,C - Cintura
18043,Ceranova,0.0,,,19.5,30-,C - Cintura
18044,Ceretto Lomellina,0.0,,,62.0,60+,
18045,Cergnago,0.0,,,57.9,60-,C - Cintura
18046,Certosa di Pavia,0.0,,,29.7,30-,C - Cintura
18047,Cervesina,0.0,,,57.9,60-,C - Cintura
18048,Chignolo Po,0.0,,,13.0,30-,C - Cintura
18049,Cigognola,0.0,,,39.9,60-,D - Intermedio
18050,Cilavegna,0.0,,,61.4,60+,C - Cintura
18051,Codevilla,0.0,,,52.6,60-,C - Cintura
18052,Confienza,0.0,,,70.7,60+,C - Cintura
18053,Copiano,0.0,,,18.1,30-,C - Cintura
18054,Corana,0.0,,,35.9,60-,C - Cintura
18055,Cornale,0.0,,,46.5,60-,C - Cintura
18056,Corteolona,0.0,,,19.5,30-,C - Cintura
18057,Corvino San Quirico,0.0,,,45.3,60-,C - Cintura
18058,Costa de' Nobili,0.0,,,25.4,30-,D - Intermedio
18059,Cozzo,0.0,,,70.7,60+,C - Cintura
18060,Cura Carpignano,0.0,,,25.0,30-,C - Cintura
18061,Dorno,0.0,,,38.1,60-,C - Cintura
18062,Ferrera Erbognone,0.0,,,49.8,60-,D - Intermedio
18063,Filighera,0.0,,,19.6,30-,C - Cintura
18064,Fortunago,0.0,,,65.9,60+,C - Cintura
18065,Frascarolo,0.0,,,68.4,60+,C - Cintura
18066,Galliavola,0.0,,,56.2,60-,D - Intermedio
18067,Gambarana,0.0,,,63.5,60-,D - Intermedio
18068,Gambolo',0.0,,,,60-,C - Cintura
18069,Garlasco,0.0,,,37.9,60-,C - Cintura
18070,Genzone,0.0,,,18.5,30-,C - Cintura
18071,Gerenzago,0.0,,,14.5,30-,C - Cintura
18072,Giussago,0.0,,,26.7,30-,C - Cintura
18074,Golferenzo,0.0,,,51.2,60-,E - Periferico
18075,Gravellona Lomellina,0.0,,,62.1,60-,C - Cintura
18076,Gropello Cairoli,0.0,,,32.2,60-,C - Cintura
18077,Inverno e Monteleone,0.0,,,15.4,30-,C - Cintura
18078,Landriano,0.0,,,11.0,30-,C - Cintura
18079,Langosco,0.0,,,74.9,60+,C - Cintura
18080,Lardirago,0.0,,,24.7,30-,C - Cintura
18081,Linarolo,0.0,,,31.0,30-,C - Cintura
18082,Lirio,0.0,,,46.1,60-,D - Intermedio
18083,Lomello,0.0,,,54.4,60-,D - Intermedio
18084,Lungavilla,0.0,,,47.2,60-,C - Cintura
18085,Magherno,0.0,,,21.8,30-,C - Cintura
18086,Marcignago,0.0,,,32.7,60-,C - Cintura
18087,Marzano,0.0,,,21.8,30-,C - Cintura
18088,Mede,0.0,,,63.0,60+,D - Intermedio
18089,Menconico,0.0,,,69.2,60+,E - Periferico
18090,Mezzana Bigli,0.0,,,54.2,60-,C - Cintura
18091,Mezzana Rabattone,0.0,,,45.8,60-,D - Intermedio
18092,Mezzanino,0.0,,,41.1,60-,C - Cintura
18093,Miradolo Terme,0.0,,,18.4,30-,D - Intermedio
18094,Montalto Pavese,0.0,,,53.9,60-,C - Cintura
18095,Montebello della Battaglia,0.0,,,46.9,60-,C - Cintura
18096,Montecalvo Versiggia,0.0,,,51.7,60-,E - Periferico
18097,Montescano,0.0,,,43.1,60-,D - Intermedio
18098,Montesegale,0.0,,,67.0,60+,D - Intermedio
18099,Monticelli Pavese,0.0,,,23.5,30-,D - Intermedio
18100,Montu' Beccaria,0.0,,,,60-,D - Intermedio
18101,Mornico Losana,0.0,,,52.4,60-,C - Cintura
18102,Mortara,0.0,,,57.6,60-,C - Cintura
18103,Nicorvo,0.0,,,67.8,60+,C - Cintura
18104,Olevano di Lomellina,0.0,,,65.1,60+,C - Cintura
18105,Oliva Gessi,0.0,,,51.2,60-,C - Cintura
18106,Ottobiano,0.0,,,52.2,60-,C - Cintura
18107,Palestro,0.0,,,76.9,60+,C - Cintura
18108,Pancarana,0.0,,,55.7,60-,C - Cintura
18109,Parona,0.0,,,62.5,60+,C - Cintura
18110,Pavia,0.0,,,29.8,30-,A - Polo
18111,Pietra de' Giorgi,0.0,,,43.0,60-,D - Intermedio
18112,Pieve Albignola,0.0,,,49.3,60-,D - Intermedio
18113,Pieve del Cairo,0.0,,,56.3,60-,C - Cintura
18114,Pieve Porto Morone,0.0,,,21.6,30-,C - Cintura
18115,Pinarolo Po,0.0,,,47.3,60-,C - Cintura
18116,Pizzale,0.0,,,51.9,60-,C - Cintura
18117,Ponte Nizza,0.0,,,76.2,60+,C - Cintura
18118,Portalbera,0.0,,,34.0,60-,D - Intermedio
18119,Rea,0.0,,,51.0,60-,C - Cintura
18120,Redavalle,0.0,,,41.1,60-,C - Cintura
18121,Retorbido,0.0,,,55.9,60-,C - Cintura
18123,Robbio,0.0,,,71.7,60+,C - Cintura
18124,Robecco Pavese,0.0,,,42.6,60-,C - Cintura
18125,Rocca de' Giorgi,0.0,,,51.3,60-,D - Intermedio
18126,Rocca Susella,0.0,,,64.5,60+,
18127,Rognano,0.0,,,25.4,30-,C - Cintura
18128,Romagnese,0.0,,,66.6,60+,E - Periferico
18129,Roncaro,0.0,,,24.2,30-,C - Cintura
18130,Rosasco,0.0,,,74.2,60+,C - Cintura
18131,Rovescala,0.0,,,43.2,60-,D - Intermedio
18132,Ruino,0.0,,,57.6,60-,E - Periferico
18133,San Cipriano Po,0.0,,,37.2,60-,C - Cintura
18134,San Damiano al Colle,0.0,,,38.0,60-,D - Intermedio
18135,San Genesio ed Uniti,0.0,,,25.9,30-,C - Cintura
18136,San Giorgio di Lomellina,0.0,,,58.9,60-,C - Cintura
18137,San Martino Siccomario,0.0,,,38.7,60-,C - Cintura
18138,Sannazzaro de' Burgondi,0.0,,,47.3,60-,C - Cintura
18139,Santa Cristina e Bissone,0.0,,,17.3,30-,D - Intermedio
18140,Santa Giuletta,0.0,,,43.5,60-,C - Cintura
18141,Sant'Alessio con Vialone,0.0,,,22.8,30-,C - Cintura
18142,Santa Margherita di Staffora,0.0,,,85.5,60+,E - Periferico
18143,Santa Maria della Versa,0.0,,,48.6,60-,D - Intermedio
18144,Sant'Angelo Lomellina,0.0,,,67.4,60+,C - Cintura
18145,San Zenone al Po,0.0,,,27.6,30-,D - Intermedio
18146,Sartirana Lomellina,0.0,,,70.0,60+,C - Cintura
18147,Scaldasole,0.0,,,43.6,60-,D - Intermedio
18148,Semiana,0.0,,,63.3,60+,D - Intermedio
18149,Silvano Pietra,0.0,,,48.6,60-,C - Cintura
18150,Siziano,0.0,,,14.3,30-,C - Cintura
18151,Sommo,0.0,,,42.6,60-,C - Cintura
18152,Spessa,0.0,,,27.6,30-,D - Intermedio
18153,Stradella,0.0,,,35.4,60-,D - Intermedio
18154,Suardi,0.0,,,63.5,60+,D - Intermedio
18155,Torrazza Coste,0.0,,,56.5,60-,C - Cintura
18156,Torre Beretti e Castellaro,0.0,,,66.4,60+,C - Cintura
18157,Torre d'Arese,0.0,,,22.5,30-,C - Cintura
18158,Torre de' Negri,0.0,,,24.4,30-,C - Cintura
18159,Torre d'Isola,0.0,,,29.2,30-,C - Cintura
18160,Torrevecchia Pia,0.0,,,15.2,30-,C - Cintura
18161,Torricella Verzate,0.0,,,45.0,60-,C - Cintura
18162,Travaco' Siccomario,0.0,,,,60-,C - Cintura
18163,Trivolzio,0.0,,,29.2,30-,C - Cintura
18164,Tromello,0.0,,,47.3,60-,C - Cintura
18165,Trovo,0.0,,,29.5,60-,C - Cintura
18166,Val di Nizza,0.0,,,70.7,60+,D - Intermedio
18167,Valeggio,0.0,,,46.4,60-,C - Cintura
18168,Valle Lomellina,0.0,,,72.0,60+,C - Cintura
18169,Valle Salimbene,0.0,,,29.7,60-,C - Cintura
18170,Valverde,0.0,,,63.1,60+,E - Periferico
18171,Varzi,0.0,,,78.8,60+,D - Intermedio
18172,Velezzo Lomellina,0.0,,,66.6,60+,
18173,Vellezzo Bellini,0.0,,,30.0,30-,C - Cintura
18174,Verretto,0.0,,,44.1,60-,
18175,Verrua Po,0.0,,,45.4,60-,C - Cintura
18176,Vidigulfo,0.0,,,15.3,30-,C - Cintura
18177,Vigevano,0.0,,,50.9,60-,A - Polo
18178,Villa Biscossi,0.0,,,59.4,60-,
18179,Villanova d'Ardenghi,0.0,,,32.7,60-,C - Cintura
18180,Villanterio,0.0,,,11.3,30-,C - Cintura
18181,Vistarino,0.0,,,17.8,30-,C - Cintura
18182,Voghera,0.0,,,41.6,60-,A - Polo
18183,Volpara,0.0,,,56.4,60-,
18184,Zavattarello,0.0,,,59.9,60-,E - Periferico
18185,Zeccone,0.0,,,24.1,30-,C - Cintura
18186,Zeme,0.0,,,66.4,60+,C - Cintura
18187,Zenevredo,0.0,,,36.9,60-,D - Intermedio
18188,Zerbo,0.0,,,26.4,30-,D - Intermedio
18189,Zerbolo',0.0,,,,60-,C - Cintura
18190,Zinasco,0.0,,,42.0,60-,C - Cintura
19001,Acquanegra Cremonese,0.0,,,27.8,30-,C - Cintura
19002,Agnadello,0.0,,,28.7,30-,C - Cintura
19003,Annicco,0.0,,,30.8,30-,C - Cintura
19004,Azzanello,0.0,,,41.8,60-,D - Intermedio
19005,Bagnolo Cremasco,0.0,,,23.4,30-,C - Cintura
19006,Bonemerse,0.0,,,35.1,30-,C - Cintura
19007,Bordolano,0.0,,,45.6,60-,C - Cintura
19008,Ca' d'Andrea,0.0,,,49.6,60-,C - Cintura
19009,Calvatone,0.0,,,48.4,60-,D - Intermedio
19010,Camisano,0.0,,,42.0,60-,C - Cintura
19011,Campagnola Cremasca,0.0,,,31.5,60-,C - Cintura
19012,Capergnanica,0.0,,,27.0,30-,C - Cintura
19013,Cappella Cantone,0.0,,,24.7,30-,C - Cintura
19014,Cappella de' Picenardi,0.0,,,39.3,60-,C - Cintura
19015,Capralba,0.0,,,33.8,60-,C - Cintura
19016,Casalbuttano ed Uniti,0.0,,,41.3,60-,C - Cintura
19017,Casale Cremasco-Vidolasco,0.0,,,39.7,60-,C - Cintura
19018,Casaletto Ceredano,0.0,,,23.5,30-,C - Cintura
19019,Casaletto di Sopra,0.0,,,40.8,60-,C - Cintura
19020,Casaletto Vaprio,0.0,,,31.0,30-,C - Cintura
19021,Casalmaggiore,0.0,,,24.0,30-,D - Intermedio
19022,Casalmorano,0.0,,,39.2,60-,D - Intermedio
19023,Casteldidone,0.0,,,37.6,60-,D - Intermedio
19024,Castel Gabbiano,0.0,,,41.7,60-,
19025,Castelleone,0.0,,,27.7,30-,C - Cintura
19026,Castelverde,0.0,,,35.6,60-,C - Cintura
19027,Castelvisconti,0.0,,,46.5,60-,D - Intermedio
19028,Cella Dati,0.0,,,43.2,60-,C - Cintura
19029,Chieve,0.0,,,23.6,30-,C - Cintura
19030,Cicognolo,0.0,,,34.1,60-,C - Cintura
19031,Cingia de' Botti,0.0,,,45.3,60-,C - Cintura
19032,Corte de' Cortesi con Cignone,0.0,,,45.4,60-,C - Cintura
19033,Corte de' Frati,0.0,,,42.1,60-,C - Cintura
19034,Credera Rubbiano,0.0,,,25.6,30-,C - Cintura
19035,Crema,0.0,,,28.6,30-,A - Polo
19036,Cremona,0.0,,,27.1,30-,A - Polo
19037,Cremosano,0.0,,,29.1,30-,C - Cintura
19038,Crotta d'Adda,0.0,,,28.2,30-,C - Cintura
19039,Cumignano sul Naviglio,0.0,,,41.8,60-,C - Cintura
19040,Derovere,0.0,,,45.7,60-,C - Cintura
19041,Dovera,0.0,,,17.2,30-,C - Cintura
19042,Drizzona,0.0,,,46.3,60-,D - Intermedio
19043,Fiesco,0.0,,,31.7,60-,C - Cintura
19044,Formigara,0.0,,,24.8,30-,C - Cintura
19045,Gabbioneta-Binanuova,0.0,,,42.0,60-,C - Cintura
19046,Gadesco-Pieve Delmona,0.0,,,32.4,30-,C - Cintura
19047,Genivolta,0.0,,,39.4,60-,C - Cintura
19048,Gerre de' Caprioli,0.0,,,31.8,30-,C - Cintura
19049,Gombito,0.0,,,24.3,30-,C - Cintura
19050,Grontardo,0.0,,,37.8,60-,C - Cintura
19051,Grumello Cremonese ed Uniti,0.0,,,27.3,30-,C - Cintura
19052,Gussola,0.0,,,33.4,60-,D - Intermedio
19053,Isola Dovarese,0.0,,,43.9,60-,C - Cintura
19054,Izano,0.0,,,34.8,60-,C - Cintura
19055,Madignano,0.0,,,31.2,60-,C - Cintura
19056,Malagnino,0.0,,,28.9,30-,C - Cintura
19057,Martignana di Po,0.0,,,29.4,30-,D - Intermedio
19058,Monte Cremasco,0.0,,,22.9,30-,C - Cintura
19059,Montodine,0.0,,,21.7,30-,C - Cintura
19060,Moscazzano,0.0,,,26.2,30-,C - Cintura
19061,Motta Baluffi,0.0,,,48.1,60-,C - Cintura
19062,Offanengo,0.0,,,35.8,60-,C - Cintura
19063,Olmeneta,0.0,,,42.9,60-,C - Cintura
19064,Ostiano,0.0,,,48.6,60-,C - Cintura
19065,Paderno Ponchielli,0.0,,,36.4,60-,C - Cintura
19066,Palazzo Pignano,0.0,,,23.2,30-,C - Cintura
19067,Pandino,0.0,,,22.5,30-,C - Cintura
19068,Persico Dosimo,0.0,,,36.0,30-,C - Cintura
19069,Pescarolo ed Uniti,0.0,,,36.7,60-,C - Cintura
19070,Pessina Cremonese,0.0,,,38.2,60-,C - Cintura
19071,Piadena,0.0,,,41.5,60-,D - Intermedio
19072,Pianengo,0.0,,,34.4,60-,C - Cintura
19073,Pieranica,0.0,,,32.3,60-,C - Cintura
19074,Pieve d'Olmi,0.0,,,38.1,60-,C - Cintura
19075,Pieve San Giacomo,0.0,,,39.3,60-,C - Cintura
19076,Pizzighettone,0.0,,,17.9,30-,C - Cintura
19077,Pozzaglio ed Uniti,0.0,,,34.4,60-,C - Cintura
19078,Quintano,0.0,,,31.4,30-,C - Cintura
19079,Ricengo,0.0,,,37.5,60-,C - Cintura
19080,Ripalta Arpina,0.0,,,22.1,30-,C - Cintura
19081,Ripalta Cremasca,0.0,,,30.7,30-,C - Cintura
19082,Ripalta Guerina,0.0,,,25.7,30-,C - Cintura
19083,Rivarolo del Re ed Uniti,0.0,,,33.8,60-,D - Intermedio
19084,Rivolta d'Adda,0.0,,,27.4,30-,C - Cintura
19085,Robecco d'Oglio,0.0,,,40.3,60-,C - Cintura
19086,Romanengo,0.0,,,39.1,60-,C - Cintura
19087,Salvirola,0.0,,,34.6,60-,C - Cintura
19088,San Bassano,0.0,,,24.1,30-,C - Cintura
19089,San Daniele Po,0.0,,,38.2,60-,C - Cintura
19090,San Giovanni in Croce,0.0,,,35.4,60-,D - Intermedio
19091,San Martino del Lago,0.0,,,40.4,60-,
19092,Scandolara Ravara,0.0,,,39.6,60-,D - Intermedio
19093,Scandolara Ripa d'Oglio,0.0,,,43.3,60-,C - Cintura
19094,Sergnano,0.0,,,38.3,60-,C - Cintura
19095,Sesto ed Uniti,0.0,,,32.3,30-,C - Cintura
19096,Solarolo Rainerio,0.0,,,38.7,60-,C - Cintura
19097,Soncino,0.0,,,44.5,60-,C - Cintura
19098,Soresina,0.0,,,32.2,60-,C - Cintura
19099,Sospiro,0.0,,,35.3,60-,C - Cintura
19100,Spinadesco,0.0,,,37.9,30-,C - Cintura
19101,Spineda,0.0,,,40.9,60-,
19102,Spino d'Adda,0.0,,,19.6,30-,C - Cintura
19103,Stagno Lombardo,0.0,,,37.8,60-,C - Cintura
19104,Ticengo,0.0,,,42.2,60-,C - Cintura
19105,Torlino Vimercati,0.0,,,30.0,30-,C - Cintura
19106,Tornata,0.0,,,41.9,60-,D - Intermedio
19107,Torre de' Picenardi,0.0,,,44.9,60-,C - Cintura
19108,Torricella del Pizzo,0.0,,,38.3,60-,D - Intermedio
19109,Trescore Cremasco,0.0,,,26.9,30-,C - Cintura
19110,Trigolo,0.0,,,36.4,60-,C - Cintura
19111,Vaiano Cremasco,0.0,,,24.8,30-,C - Cintura
19112,Vailate,0.0,,,32.2,60-,C - Cintura
19113,Vescovato,0.0,,,30.3,60-,C - Cintura
19114,Volongo,0.0,,,52.4,60-,D - Intermedio
19115,Voltido,0.0,,,42.8,60-,D - Intermedio
20001,Acquanegra sul Chiese,0.0,,,54.7,60-,D - Intermedio
20002,Asola,0.0,,,56.8,60-,D - Intermedio
20003,Bagnolo San Vito,0.0,,,40.5,60-,C - Cintura
20004,Bigarello,0.0,,,48.3,60-,C - Cintura
20005,Borgoforte,0.0,,,54.5,60-,C - Cintura
20006,Borgofranco sul Po,0.0,,,71.8,60+,D - Intermedio
20007,Bozzolo,0.0,,,41.1,60-,D - Intermedio
20008,Canneto sull'Oglio,0.0,,,49.3,60-,D - Intermedio
20009,Carbonara di Po,0.0,,,75.5,60+,D - Intermedio
20010,Casalmoro,0.0,,,57.5,60-,D - Intermedio
20011,Casaloldo,0.0,,,61.2,60-,D - Intermedio
20012,Casalromano,0.0,,,48.0,60-,D - Intermedio
20013,Castelbelforte,0.0,,,54.0,60-,C - Cintura
20014,Castel d'Ario,0.0,,,56.9,60-,C - Cintura
20015,Castel Goffredo,0.0,,,67.1,60+,C - Cintura
20016,Castellucchio,0.0,,,55.7,60-,C - Cintura
20017,Castiglione delle Stiviere,0.0,,,71.2,60+,C - Cintura
20018,Cavriana,0.0,,,80.9,60+,C - Cintura
20019,Ceresara,0.0,,,69.3,60+,D - Intermedio
20020,Commessaggio,0.0,,,40.2,60-,D - Intermedio
20021,Curtatone,0.0,,,53.8,60-,C - Cintura
20022,Dosolo,0.0,,,37.0,60-,D - Intermedio
20023,Felonica,0.0,,,68.6,60+,C - Cintura
20024,Gazoldo degli Ippoliti,0.0,,,57.2,60-,D - Intermedio
20025,Gazzuolo,0.0,,,40.8,60-,C - Cintura
20026,Goito,0.0,,,65.8,60+,C - Cintura
20027,Gonzaga,0.0,,,33.6,60-,D - Intermedio
20028,Guidizzolo,0.0,,,79.2,60+,C - Cintura
20029,Magnacavallo,0.0,,,65.2,60+,E - Periferico
20030,Mantova,0.0,,,47.8,60-,A - Polo
20031,Marcaria,0.0,,,50.9,60-,C - Cintura
20032,Mariana Mantovana,0.0,,,59.3,60-,D - Intermedio
20033,Marmirolo,0.0,,,64.5,60-,C - Cintura
20034,Medole,0.0,,,70.4,60+,C - Cintura
20035,Moglia,0.0,,,37.8,60-,C - Cintura
20036,Monzambano,0.0,,,81.1,60+,C - Cintura
20037,Motteggiana,0.0,,,42.6,60-,C - Cintura
20059,San Martino dall'Argine,0.0,,,45.8,60-,D - Intermedio
20060,Schivenoglia,0.0,,,54.9,60-,E - Periferico
20061,Sermide,0.0,,,69.5,60+,C - Cintura
20062,Serravalle a Po,0.0,,,60.0,60-,D - Intermedio
20063,Solferino,0.0,,,77.2,60+,C - Cintura
20064,Sustinente,0.0,,,56.0,60-,D - Intermedio
20065,Suzzara,0.0,,,40.6,60-,D - Intermedio
20066,Viadana,0.0,,,43.2,60-,D - Intermedio
20067,Villa Poma,0.0,,,58.6,60-,D - Intermedio
20068,Villimpenta,0.0,,,63.3,60-,C - Cintura
20069,Virgilio,0.0,,,50.0,60-,C - Cintura
20070,Volta Mantovana,0.0,,,74.5,60+,C - Cintura
23032,Erbe',,,,,60-,C - Cintura
23051,Mozzecane,,,,,60-,C - Cintura
23054,Nogarole Rocca,,,,,60-,C - Cintura
23088,Trevenzuolo,,,,,60-,C - Cintura
23094,Vigasio,,,,,60-,C - Cintura
28012,Boara Pisani,,,,,60-,C - Cintura
28088,Stanghella,,,,,60-,C - Cintura
29003,Arqua' Polesine,,,,,60-,C - Cintura
29005,Bagnolo di Po,,,,,60-,C - Cintura
29007,Bosaro,,,,,60-,C - Cintura
29009,Canaro,,,,,60-,C - Cintura
29018,Costa di Rovigo,,,,,60-,C - Cintura
29021,Ficarolo,,,,,60-,D - Intermedio
29022,Fiesso Umbertiano,,,,,60-,C - Cintura
29023,Frassinelle Polesine,,,,,60-,C - Cintura
29024,Fratta Polesine,,,,,60-,C - Cintura
29025,Gaiba,,,,,60-,D - Intermedio
29033,Occhiobello,,,,,60-,C - Cintura
29036,Pincara,,,,,60-,C - Cintura
29037,Polesella,,,,,60-,C - Cintura
29038,Pontecchio Polesine,,,,,60-,C - Cintura
29041,Rovigo,,,,,60-,A - Polo
29043,San Bellino,,,,,60-,C - Cintura
29045,Stienta,,,,,60-,C - Cintura
29049,Villamarzana,,,,,60-,C - Cintura
29050,Villanova del Ghebbo,,,,,60-,C - Cintura
33001,Agazzano,0.0,,,35.1,60-,D - Intermedio
33002,Alseno,0.0,,,13.3,30-,C - Cintura
33003,Besenzone,0.0,,,15.6,30-,C - Cintura
33004,Bettola,0.0,,,51.5,60-,D - Intermedio
33005,Bobbio,0.0,,,54.0,60-,E - Periferico
33006,Borgonovo Val Tidone,0.0,,,32.4,30-,C - Cintura
33007,Cadeo,0.0,,,13.1,30-,C - Cintura
33008,Calendasco,0.0,,,26.4,30-,C - Cintura
33009,Caminata,0.0,,,49.2,60-,E - Periferico
33010,Caorso,0.0,,,27.1,30-,C - Cintura
33011,Carpaneto Piacentino,0.0,,,19.5,30-,C - Cintura
33012,Castell'Arquato,0.0,,,13.1,30-,C - Cintura
33013,Castel San Giovanni,0.0,,,27.1,30-,C - Cintura
33014,Castelvetro Piacentino,0.0,,,19.1,30-,C - Cintura
33015,Cerignale,0.0,,,85.3,60+,
33016,Coli,0.0,,,64.2,60-,E - Periferico
33017,Corte Brugnatella,0.0,,,59.3,60-,E - Periferico
33018,Cortemaggiore,0.0,,,8.300000000000002,30-,C - Cintura
33019,Farini,0.0,,,68.8,60+,E - Periferico
33020,Ferriere,0.0,,,75.7,60+,F - Ultraperiferico
33021,Fiorenzuola d'Arda,1.0,1958.0,1959.0,7.4,30-,C - Cintura
33022,Gazzola,0.0,,,39.0,30-,C - Cintura
33023,Gossolengo,0.0,,,17.3,30-,C - Cintura
33024,Gragnano Trebbiense,0.0,,,24.3,30-,C - Cintura
33025,Gropparello,0.0,,,44.1,60-,D - Intermedio
33026,Lugagnano Val d'Arda,0.0,,,27.6,30-,C - Cintura
33027,Monticelli d'Ongina,0.0,,,21.4,30-,C - Cintura
33028,Morfasso,0.0,,,44.0,60-,E - Periferico
33029,Nibbiano,0.0,,,49.7,60-,E - Periferico
33030,Ottone,0.0,,,98.2,60+,F - Ultraperiferico
33031,Pecorara,0.0,,,56.4,60+,E - Periferico
33032,Piacenza,1.0,1958.0,1959.0,3.5,30-,A - Polo
33033,Pianello Val Tidone,0.0,,,40.3,60-,D - Intermedio
33034,Piozzano,0.0,,,41.5,60-,D - Intermedio
33035,Podenzano,0.0,,,19.6,30-,C - Cintura
33036,Ponte dell'Olio,0.0,,,38.0,30-,D - Intermedio
33037,Pontenure,0.0,,,12.0,30-,C - Cintura
33038,Rivergaro,0.0,,,24.0,30-,C - Cintura
33039,Rottofreno,0.0,,,25.0,30-,C - Cintura
33040,San Giorgio Piacentino,0.0,,,22.2,30-,C - Cintura
33041,San Pietro in Cerro,0.0,,,12.3,30-,C - Cintura
33042,Sarmato,0.0,,,18.6,30-,C - Cintura
33043,Travo,0.0,,,36.7,60-,D - Intermedio
33044,Vernasca,0.0,,,29.7,30-,C - Cintura
33045,Vigolzone,0.0,,,31.0,30-,C - Cintura
33046,Villanova sull'Arda,0.0,,,18.9,30-,C - Cintura
33047,Zerba,0.0,,,102.1,60+,
33048,Ziano Piacentino,0.0,,,38.3,60-,D - Intermedio
34001,Albareto,0.0,,,66.1,60+,E - Periferico
34002,Bardi,0.0,,,77.1,60+,E - Periferico
34003,Bedonia,0.0,,,90.8,60+,E - Periferico
34004,Berceto,0.0,,,51.3,60-,E - Periferico
34005,Bore,0.0,,,43.9,60-,E - Periferico
34006,Borgo Val di Taro,0.0,,,69.6,60-,E - Periferico
34007,Busseto,0.0,,,20.9,30-,C - Cintura
34008,Calestano,0.0,,,43.7,60-,D - Intermedio
34009,Collecchio,0.0,,,20.8,30-,C - Cintura
34010,Colorno,0.0,,,14.3,30-,C - Cintura
34011,Compiano,0.0,,,78.8,60+,E - Periferico
34012,Corniglio,0.0,,,66.6,60+,E - Periferico
34013,Felino,0.0,,,32.3,30-,C - Cintura
34014,Fidenza,1.0,1958.0,1959.0,10.0,30-,A - Polo
34015,Fontanellato,0.0,,,13.5,30-,C - Cintura
34016,Fontevivo,0.0,,,16.2,30-,C - Cintura
34017,Fornovo di Taro,0.0,,,30.0,30-,C - Cintura
34018,Langhirano,0.0,,,43.1,60-,D - Intermedio
34019,Lesignano de' Bagni,0.0,,,44.6,60-,D - Intermedio
34020,Medesano,0.0,,,39.3,30-,C - Cintura
34021,Mezzani,0.0,,,21.4,30-,C - Cintura
34022,Monchio delle Corti,0.0,,,79.3,60+,F - Ultraperiferico
34023,Montechiarugolo,0.0,,,22.6,30-,C - Cintura
34024,Neviano degli Arduini,0.0,,,48.5,60-,E - Periferico
34025,Noceto,0.0,,,19.4,30-,C - Cintura
34026,Palanzano,0.0,,,66.3,60+,F - Ultraperiferico
34027,Parma,1.0,1958.0,1959.0,11.4,30-,A - Polo
34028,Pellegrino Parmense,0.0,,,36.2,60-,D - Intermedio
34029,Polesine Parmense,0.0,,,24.1,30-,C - Cintura
34030,Roccabianca,0.0,,,27.8,30-,C - Cintura
34031,Sala Baganza,0.0,,,30.5,30-,C - Cintura
34032,Salsomaggiore Terme,0.0,,,24.5,30-,C - Cintura
34033,San Secondo Parmense,0.0,,,23.7,30-,C - Cintura
34034,Sissa,0.0,,,26.6,30-,C - Cintura
34035,Solignano,0.0,,,43.5,60-,D - Intermedio
34036,Soragna,0.0,,,12.0,30-,C - Cintura
34037,Sorbolo,0.0,,,21.9,30-,C - Cintura
34038,Terenzo,0.0,,,46.2,60-,E - Periferico
34039,Tizzano Val Parma,0.0,,,55.5,60-,E - Periferico
34040,Tornolo,0.0,,,81.4,60+,E - Periferico
34041,Torrile,0.0,,,13.5,30-,C - Cintura
34042,Traversetolo,0.0,,,32.7,60-,D - Intermedio
34043,Trecasali,0.0,,,25.5,30-,C - Cintura
34044,Valmozzola,0.0,,,59.7,60-,E - Periferico
34045,Varano de' Melegari,0.0,,,33.0,30-,D - Intermedio
34046,Varsi,0.0,,,58.7,60-,E - Periferico
34048,Zibello,0.0,,,30.4,30-,C - Cintura
35001,Albinea,0.0,,,27.1,30-,C - Cintura
35002,Bagnolo in Piano,0.0,,,13.7,30-,C - Cintura
35003,Baiso,0.0,,,48.3,60-,E - Periferico
35004,Bibbiano,0.0,,,25.1,30-,C - Cintura
35005,Boretto,0.0,,,30.4,60-,D - Intermedio
35006,Brescello,0.0,,,26.2,30-,C - Cintura
35007,Busana,0.0,,,71.8,60+,F - Ultraperiferico
35008,Cadelbosco di Sopra,0.0,,,17.6,30-,C - Cintura
35009,Campagnola Emilia,0.0,,,28.5,30-,C - Cintura
35010,Campegine,0.0,,,17.6,30-,C - Cintura
35011,Carpineti,0.0,,,56.6,60-,E - Periferico
35012,Casalgrande,0.0,,,22.0,30-,D - Intermedio
35013,Casina,0.0,,,47.1,60-,E - Periferico
35014,Castellarano,0.0,,,35.9,60-,D - Intermedio
35015,Castelnovo di Sotto,0.0,,,23.6,30-,C - Cintura
35016,Castelnovo ne' Monti,0.0,,,,60-,E - Periferico
35017,Cavriago,0.0,,,19.7,30-,C - Cintura
35018,Canossa,0.0,,,46.7,60-,D - Intermedio
35019,Collagna,0.0,,,82.5,60+,F - Ultraperiferico
35020,Correggio,0.0,,,22.7,30-,C - Cintura
35021,Fabbrico,0.0,,,32.2,60-,C - Cintura
35022,Gattatico,0.0,,,19.1,30-,C - Cintura
35023,Gualtieri,0.0,,,28.2,30-,D - Intermedio
35024,Guastalla,0.0,,,28.4,30-,D - Intermedio
35025,Ligonchio,0.0,,,100.7,60+,F - Ultraperiferico
35026,Luzzara,0.0,,,38.1,60-,D - Intermedio
35027,Montecchio Emilia,0.0,,,22.0,30-,C - Cintura
35028,Novellara,0.0,,,20.0,30-,C - Cintura
35029,Poviglio,0.0,,,21.0,30-,C - Cintura
35030,Quattro Castella,0.0,,,28.2,30-,D - Intermedio
35031,Ramiseto,0.0,,,87.6,60+,F - Ultraperiferico
35032,Reggiolo,0.0,,,29.2,30-,C - Cintura
35033,Reggio nell'Emilia,1.0,1959.0,1959.0,8.6,30-,A - Polo
35034,Rio Saliceto,0.0,,,29.2,30-,C - Cintura
35035,Rolo,0.0,,,29.4,60-,C - Cintura
35036,Rubiera,0.0,,,14.7,30-,C - Cintura
35037,San Martino in Rio,0.0,,,19.9,30-,C - Cintura
35038,San Polo d'Enza,0.0,,,32.8,60-,D - Intermedio
35039,Sant'Ilario d'Enza,0.0,,,18.6,30-,C - Cintura
35040,Scandiano,0.0,,,29.3,30-,D - Intermedio
35041,Toano,0.0,,,69.0,60+,E - Periferico
35042,Vetto,0.0,,,71.2,60-,E - Periferico
35043,Vezzano sul Crostolo,0.0,,,33.9,30-,C - Cintura
35044,Viano,0.0,,,42.6,60-,D - Intermedio
35045,Villa Minozzo,0.0,,,80.2,60+,E - Periferico
36001,Bastiglia,0.0,,,22.9,30-,C - Cintura
36002,Bomporto,0.0,,,23.0,30-,C - Cintura
36003,Campogalliano,0.0,,,15.9,30-,C - Cintura
36004,Camposanto,0.0,,,47.7,60-,D - Intermedio
36005,Carpi,0.0,,,22.4,30-,A - Polo
36006,Castelfranco Emilia,0.0,,,25.9,30-,D - Intermedio
36007,Castelnuovo Rangone,0.0,,,10.8,30-,C - Cintura
36008,Castelvetro di Modena,0.0,,,20.6,30-,D - Intermedio
36009,Cavezzo,0.0,,,39.9,60-,C - Cintura
36010,Concordia sulla Secchia,0.0,,,43.1,60-,C - Cintura
36011,Fanano,0.0,,,86.7,60+,F - Ultraperiferico
36012,Finale Emilia,0.0,,,56.9,60-,D - Intermedio
36013,Fiorano Modenese,0.0,,,24.9,30-,C - Cintura
36014,Fiumalbo,0.0,,,86.2,60+,F - Ultraperiferico
36015,Formigine,0.0,,,14.6,30-,C - Cintura
36016,Frassinoro,0.0,,,80.5,60+,F - Ultraperiferico
36017,Guiglia,0.0,,,37.4,30-,E - Periferico
36018,Lama Mocogno,0.0,,,68.5,60+,F - Ultraperiferico
36019,Maranello,0.0,,,26.4,30-,C - Cintura
36020,Marano sul Panaro,0.0,,,34.9,30-,E - Periferico
36021,Medolla,0.0,,,39.1,60-,D - Intermedio
36022,Mirandola,0.0,,,55.8,60-,D - Intermedio
36023,Modena,1.0,1959.0,1959.0,7.7,30-,A - Polo
36024,Montecreto,0.0,,,78.3,60+,F - Ultraperiferico
36047,Zocca,0.0,,,42.2,60-,E - Periferico
37001,Anzola dell'Emilia,0.0,,,14.7,30-,C - Cintura
37002,Argelato,0.0,,,23.6,30-,C - Cintura
37003,Baricella,0.0,,,40.9,60-,D - Intermedio
37004,Bazzano,0.0,,,17.3,30-,D - Intermedio
37005,Bentivoglio,0.0,,,24.9,30-,D - Intermedio
37006,Bologna,0.0,,,18.1,30-,A - Polo
37007,Borgo Tossignano,0.0,,,60.4,60-,C - Cintura
37008,Budrio,0.0,,,34.1,30-,D - Intermedio
37009,Calderara di Reno,0.0,,,14.6,30-,C - Cintura
37010,Camugnano,0.0,,,19.2,30-,E - Periferico
37011,Casalecchio di Reno,1.0,1959.0,1959.0,7.4,30-,C - Cintura
37012,Casalfiumanese,0.0,,,61.9,60-,C - Cintura
37013,Castel d'Aiano,0.0,,,38.3,60-,F - Ultraperiferico
37014,Castel del Rio,0.0,,,44.6,60-,D - Intermedio
37015,Castel di Casio,0.0,,,37.0,60-,E - Periferico
37016,Castel Guelfo di Bologna,0.0,,,36.4,60-,C - Cintura
37017,Castello d'Argile,0.0,,,30.5,30-,D - Intermedio
37018,Castello di Serravalle,0.0,,,29.9,30-,D - Intermedio
37019,Castel Maggiore,0.0,,,16.5,30-,C - Cintura
37020,Castel San Pietro Terme,0.0,,,39.6,60-,C - Cintura
37021,Castenaso,0.0,,,23.2,30-,C - Cintura
37022,Castiglione dei Pepoli,1.0,1962.0,1960.0,12.3,30-,E - Periferico
37023,Crespellano,0.0,,,10.5,30-,D - Intermedio
37024,Crevalcore,0.0,,,38.4,60-,D - Intermedio
37025,Dozza,0.0,,,36.4,60-,C - Cintura
37026,Fontanelice,0.0,,,49.2,60-,C - Cintura
37027,Gaggio Montano,0.0,,,45.7,60-,E - Periferico
37028,Galliera,0.0,,,40.4,60-,D - Intermedio
37029,Granaglione,0.0,,,63.9,60-,E - Periferico
37030,Granarolo dell'Emilia,0.0,,,21.2,30-,C - Cintura
37031,Grizzana Morandi,0.0,,,10.5,30-,E - Periferico
37032,Imola,0.0,,,43.0,60-,A - Polo
37033,Lizzano in Belvedere,0.0,,,60.6,60-,E - Periferico
37034,Loiano,0.0,,,24.2,30-,E - Periferico
37035,Malalbergo,0.0,,,30.0,30-,C - Cintura
37036,Marzabotto,0.0,,,11.5,30-,D - Intermedio
37037,Medicina,0.0,,,40.2,60-,C - Cintura
37038,Minerbio,0.0,,,33.0,30-,D - Intermedio
37039,Molinella,0.0,,,51.1,60-,D - Intermedio
37040,Monghidoro,0.0,,,26.7,30-,E - Periferico
37041,Monterenzio,0.0,,,43.4,60-,E - Periferico
37042,Monte San Pietro,0.0,,,26.6,30-,C - Cintura
37043,Monteveglio,0.0,,,22.3,30-,D - Intermedio
37044,Monzuno,1.0,1960.0,1960.0,11.4,30-,D - Intermedio
37045,Mordano,0.0,,,44.2,60-,C - Cintura
37046,Ozzano dell'Emilia,0.0,,,31.0,30-,D - Intermedio
37047,Pianoro,0.0,,,18.7,30-,D - Intermedio
37048,Pieve di Cento,0.0,,,38.0,60-,D - Intermedio
37049,Porretta Terme,0.0,,,62.6,60-,E - Periferico
37050,Sala Bolognese,0.0,,,21.9,30-,D - Intermedio
37051,San Benedetto Val di Sambro,1.0,1960.0,1960.0,9.9,30-,E - Periferico
37052,San Giorgio di Piano,0.0,,,27.1,30-,D - Intermedio
37053,San Giovanni in Persiceto,0.0,,,28.1,30-,D - Intermedio
37054,San Lazzaro di Savena,0.0,,,23.7,30-,C - Cintura
37055,San Pietro in Casale,0.0,,,31.4,60-,D - Intermedio
37056,Sant'Agata Bolognese,0.0,,,27.7,30-,D - Intermedio
37057,Sasso Marconi,1.0,1959.0,1960.0,7.1,30-,C - Cintura
37058,Savigno,0.0,,,28.0,60-,D - Intermedio
37059,Vergato,0.0,,,20.7,30-,E - Periferico
37060,Zola Predosa,1.0,1959.0,1959.0,6.0,30-,C - Cintura
38001,Argenta,0.0,,,72.9,60+,C - Cintura
38002,Berra,0.0,,,93.2,60+,D - Intermedio
38003,Bondeno,0.0,,,64.6,60-,D - Intermedio
38004,Cento,0.0,,,47.8,60-,E - Periferico
38005,Codigoro,0.0,,,78.0,60+,E - Periferico
38006,Comacchio,0.0,,,81.1,60+,D - Intermedio
38007,Copparo,0.0,,,70.0,60+,D - Intermedio
38008,Ferrara,0.0,,,47.2,60-,A - Polo
38009,Formignana,0.0,,,68.9,60+,D - Intermedio
38010,Jolanda di Savoia,0.0,,,76.8,60+,D - Intermedio
38011,Lagosanto,0.0,,,75.6,60+,E - Periferico
38012,Masi Torello,0.0,,,51.2,60-,C - Cintura
38013,Massa Fiscaglia,0.0,,,72.3,60+,D - Intermedio
38014,Mesola,0.0,,,93.8,60+,E - Periferico
38015,Migliarino,0.0,,,64.4,60-,D - Intermedio
38016,Mirabello,0.0,,,54.0,60-,D - Intermedio
38017,Ostellato,0.0,,,72.5,60-,D - Intermedio
38018,Poggio Renatico,0.0,,,42.8,60-,C - Cintura
38019,Portomaggiore,0.0,,,63.4,60-,D - Intermedio
38020,Ro,0.0,,,64.7,60+,D - Intermedio
38021,Sant'Agostino,0.0,,,48.6,60-,D - Intermedio
38022,Vigarano Mainarda,0.0,,,51.5,60-,C - Cintura
38023,Voghiera,0.0,,,49.7,60-,C - Cintura
38024,Tresigallo,0.0,,,68.8,60+,D - Intermedio
38026,Migliaro,0.0,,,68.4,60+,D - Intermedio
39001,Alfonsine,0.0,,,71.1,60+,C - Cintura
39002,Bagnacavallo,0.0,,,53.3,60-,C - Cintura
39003,Bagnara di Romagna,0.0,,,45.9,60-,C - Cintura
39004,Brisighella,0.0,,,68.5,60-,C - Cintura
39005,Casola Valsenio,0.0,,,68.8,60+,D - Intermedio
39006,Castel Bolognese,0.0,,,48.6,60-,C - Cintura
39007,Cervia,0.0,,,75.8,60+,C - Cintura
39008,Conselice,0.0,,,58.0,60-,C - Cintura
39009,Cotignola,0.0,,,50.9,60-,C - Cintura
39010,Faenza,0.0,,,46.1,60-,A - Polo
39011,Fusignano,0.0,,,58.5,60-,C - Cintura
39012,Lugo,0.0,,,57.9,60-,A - Polo
39013,Massa Lombarda,0.0,,,48.6,60-,C - Cintura
39014,Ravenna,0.0,,,57.5,60+,A - Polo
39015,Riolo Terme,0.0,,,60.3,60-,C - Cintura
39016,Russi,0.0,,,56.8,60-,C - Cintura
39017,Sant'Agata sul Santerno,0.0,,,51.1,60-,C - Cintura
39018,Solarolo,0.0,,,54.0,60-,C - Cintura
40001,Bagno di Romagna,0.0,,,87.1,60+,D - Intermedio
40002,Bellaria-Igea Marina,0.0,,,82.1,60+,C - Cintura
40003,Bertinoro,0.0,,,69.1,60+,C - Cintura
40004,Borghi,0.0,,,89.6,60+,D - Intermedio
40005,Castrocaro Terme e Terra del Sole,0.0,,,76.0,60+,C - Cintura
40006,Cattolica,0.0,,,89.7,60+,C - Cintura
40007,Cesena,0.0,,,70.7,60+,A - Polo
40008,Cesenatico,0.0,,,78.2,60+,C - Cintura
40009,Civitella di Romagna,0.0,,,99.7,60+,D - Intermedio
40010,Coriano,0.0,,,93.6,60+,C - Cintura
40011,Dovadola,0.0,,,81.1,60+,C - Cintura
40012,Forli',0.0,,,,60-,A - Polo
40013,Forlimpopoli,0.0,,,64.4,60+,C - Cintura
40014,Galeata,0.0,,,89.5,60+,D - Intermedio
40015,Gambettola,0.0,,,76.9,60+,C - Cintura
40016,Gatteo,0.0,,,77.6,60+,C - Cintura
40017,Gemmano,0.0,,,111.5,60+,C - Cintura
40018,Longiano,0.0,,,79.3,60+,C - Cintura
40019,Meldola,0.0,,,74.5,60+,C - Cintura
40020,Mercato Saraceno,0.0,,,95.0,60+,C - Cintura
40021,Misano Adriatico,0.0,,,91.6,60+,C - Cintura
40022,Modigliana,0.0,,,76.8,60+,C - Cintura
40023,Mondaino,0.0,,,108.9,60+,D - Intermedio
40024,Monte Colombo,0.0,,,103.0,60+,C - Cintura
40025,Montefiore Conca,0.0,,,102.7,60+,D - Intermedio
40026,Montegridolfo,0.0,,,109.2,60+,D - Intermedio
40027,Montescudo,0.0,,,106.0,60+,C - Cintura
40028,Montiano,0.0,,,80.0,60+,C - Cintura
40029,Morciano di Romagna,0.0,,,95.3,60+,C - Cintura
40030,Poggio Berni,0.0,,,86.6,60+,D - Intermedio
40031,Portico e San Benedetto,0.0,,,63.6,60+,D - Intermedio
40032,Predappio,0.0,,,78.1,60+,C - Cintura
40033,Premilcuore,0.0,,,73.3,60+,E - Periferico
40034,Riccione,0.0,,,84.9,60+,A - Polo
40035,Rimini,0.0,,,82.6,60+,A - Polo
40036,Rocca San Casciano,0.0,,,82.1,60+,D - Intermedio
45001,Aulla,0.0,,,78.2,60+,C - Cintura
45002,Bagnone,0.0,,,83.8,60+,E - Periferico
45003,Carrara,0.0,,,87.2,60+,C - Cintura
45004,Casola in Lunigiana,0.0,,,97.2,60+,
45005,Comano,0.0,,,100.0,60+,E - Periferico
45006,Filattiera,0.0,,,68.5,60+,D - Intermedio
45007,Fivizzano,0.0,,,90.0,60+,E - Periferico
45008,Fosdinovo,0.0,,,90.5,60+,D - Intermedio
45009,Licciana Nardi,0.0,,,81.6,60+,D - Intermedio
45010,Massa,0.0,,,81.6,60+,A - Polo
45011,Montignoso,0.0,,,78.9,60+,C - Cintura
45012,Mulazzo,0.0,,,73.2,60+,D - Intermedio
45013,Podenzana,0.0,,,81.3,60+,D - Intermedio
45014,Pontremoli,0.0,,,68.8,60+,D - Intermedio
45015,Tresana,0.0,,,88.4,60+,C - Cintura
45016,Villafranca in Lunigiana,0.0,,,72.9,60+,D - Intermedio
45017,Zeri,0.0,,,94.3,60+,E - Periferico
46001,Altopascio,0.0,,,33.6,60-,C - Cintura
46002,Bagni di Lucca,0.0,,,73.5,60+,D - Intermedio
46003,Barga,0.0,,,90.9,60+,E - Periferico
46004,Borgo a Mozzano,0.0,,,77.1,60+,D - Intermedio
46005,Camaiore,0.0,,,72.4,60+,B - Polo intercomunale
46006,Camporgiano,0.0,,,109.2,60+,E - Periferico
46007,Capannori,0.0,,,45.5,60-,C - Cintura
46008,Careggine,0.0,,,115.9,60+,F - Ultraperiferico
46009,Castelnuovo di Garfagnana,0.0,,,98.5,60+,E - Periferico
46010,Castiglione di Garfagnana,0.0,,,102.5,60+,E - Periferico
46011,Coreglia Antelminelli,0.0,,,95.5,60+,E - Periferico
46012,Fabbriche di Vallico,0.0,,,92.6,60+,E - Periferico
46013,Forte dei Marmi,0.0,,,69.1,60+,C - Cintura
46014,Fosciandora,0.0,,,104.9,60+,E - Periferico
46015,Gallicano,0.0,,,98.7,60+,E - Periferico
46016,Giuncugnano,0.0,,,114.4,60+,F - Ultraperiferico
46017,Lucca,0.0,,,53.2,60-,A - Polo
46018,Massarosa,0.0,,,58.7,60-,C - Cintura
46019,Minucciano,0.0,,,120.6,60+,E - Periferico
46020,Molazzana,0.0,,,102.2,60+,E - Periferico
46021,Montecarlo,0.0,,,38.7,60-,C - Cintura
46022,Pescaglia,0.0,,,76.4,60-,D - Intermedio
46023,Piazza al Serchio,0.0,,,115.6,60+,F - Ultraperiferico
46024,Pietrasanta,0.0,,,73.5,60+,C - Cintura
46025,Pieve Fosciana,0.0,,,114.4,60+,E - Periferico
46026,Porcari,0.0,,,41.6,60-,C - Cintura
46027,San Romano in Garfagnana,0.0,,,115.1,60+,E - Periferico
46028,Seravezza,0.0,,,94.4,60+,C - Cintura
46029,Sillano,0.0,,,123.2,60+,F - Ultraperiferico
46030,Stazzema,0.0,,,98.4,60+,D - Intermedio
46031,Vagli Sotto,0.0,,,124.7,60+,F - Ultraperiferico
46032,Vergemoli,0.0,,,100.0,60+,E - Periferico
46033,Viareggio,0.0,,,63.8,60+,B - Polo intercomunale
46034,Villa Basilica,0.0,,,62.5,60+,C - Cintura
46035,Villa Collemandina,0.0,,,112.7,60+,E - Periferico
47001,Abetone,0.0,,,81.0,60+,F - Ultraperiferico
47002,Agliana,0.0,,,19.4,30-,C - Cintura
47003,Buggiano,0.0,,,38.1,60-,C - Cintura
47004,Cutigliano,0.0,,,79.3,60+,F - Ultraperiferico
47005,Lamporecchio,0.0,,,43.1,60-,C - Cintura
47006,Larciano,0.0,,,42.3,60-,C - Cintura
47007,Marliana,0.0,,,40.9,60-,C - Cintura
47008,Massa e Cozzile,0.0,,,33.7,60-,C - Cintura
47009,Monsummano Terme,0.0,,,35.5,60-,C - Cintura
47010,Montale,0.0,,,31.3,30-,C - Cintura
47011,Montecatini-Terme,0.0,,,31.5,30-,C - Cintura
47012,Pescia,0.0,,,49.1,60-,A - Polo
47013,Pieve a Nievole,0.0,,,30.3,30-,C - Cintura
47014,Pistoia,0.0,,,30.8,30-,A - Polo
47015,Piteglio,0.0,,,53.5,60-,D - Intermedio
47016,Ponte Buggianese,0.0,,,38.7,60-,C - Cintura
47017,Quarrata,0.0,,,24.7,30-,C - Cintura
47018,Sambuca Pistoiese,0.0,,,42.6,60-,D - Intermedio
47019,San Marcello Pistoiese,0.0,,,66.5,60-,D - Intermedio
47020,Serravalle Pistoiese,0.0,,,33.1,30-,C - Cintura
47021,Uzzano,0.0,,,39.3,60-,C - Cintura
47022,Chiesina Uzzanese,0.0,,,31.9,60-,C - Cintura
48001,Bagno a Ripoli,1.0,1964.0,1964.0,6.8,30-,B - Polo intercomunale
48002,Barberino di Mugello,1.0,1960.0,1960.0,9.7,30-,D - Intermedio
48003,Barberino di Val d'Elsa,0.0,,,,60-,D - Intermedio
48004,Borgo San Lorenzo,0.0,,,23.3,30-,E - Periferico
48005,Calenzano,1.0,1960.0,1960.0,9.6,30-,C - Cintura
48006,Campi Bisenzio,0.0,,,9.5,30-,C - Cintura
48007,Cantagallo,0.0,,,36.2,30-,E - Periferico
48008,Capraia e Limite,0.0,,,25.8,30-,C - Cintura
48009,Carmignano,0.0,,,26.2,30-,C - Cintura
48010,Castelfiorentino,0.0,,,36.2,60-,C - Cintura
48011,Cerreto Guidi,0.0,,,34.2,60-,C - Cintura
48012,Certaldo,0.0,,,29.4,60-,D - Intermedio
48013,Dicomano,0.0,,,46.1,60-,D - Intermedio
48014,Empoli,0.0,,,27.3,30-,A - Polo
48015,Fiesole,0.0,,,21.1,30-,C - Cintura
48016,Figline Valdarno,0.0,,,13.2,30-,C - Cintura
48017,Firenze,0.0,,,13.6,30-,A - Polo
48018,Firenzuola,0.0,,,21.3,30-,E - Periferico
48019,Fucecchio,0.0,,,43.7,60-,C - Cintura
48020,Gambassi Terme,0.0,,,49.9,60-,D - Intermedio
48021,Greve in Chianti,0.0,,,24.2,30-,D - Intermedio
48022,Impruneta,1.0,1963.0,1964.0,8.4,30-,C - Cintura
48023,Incisa in Val d'Arno,0.0,,,9.8,30-,C - Cintura
48024,Lastra a Signa,0.0,,,12.7,30-,C - Cintura
48025,Londa,0.0,,,45.7,60-,D - Intermedio
48026,Marradi,0.0,,,64.7,60-,E - Periferico
48027,Montaione,0.0,,,50.9,60-,D - Intermedio
48028,Montelupo Fiorentino,0.0,,,19.2,30-,C - Cintura
48029,Montemurlo,0.0,,,30.1,30-,C - Cintura
48030,Montespertoli,0.0,,,28.0,30-,C - Cintura
48031,Palazzuolo sul Senio,0.0,,,52.2,60-,E - Periferico
48032,Pelago,0.0,,,26.5,30-,C - Cintura
48033,Pontassieve,0.0,,,32.1,30-,B - Polo intercomunale
48034,Prato,0.0,,,14.3,30-,A - Polo
48035,Reggello,1.0,1964.0,1964.0,15.5,30-,D - Intermedio
48036,Rignano sull'Arno,0.0,,,15.6,30-,C - Cintura
48037,Rufina,0.0,,,33.5,30-,C - Cintura
48038,San Casciano in Val di Pesa,0.0,,,10.9,30-,C - Cintura
48039,San Godenzo,0.0,,,46.6,60-,E - Periferico
48040,San Piero a Sieve,0.0,,,12.4,30-,E - Periferico
48041,Scandicci,1.0,1963.0,1964.0,14.6,30-,C - Cintura
48042,Scarperia,0.0,,,20.6,30-,E - Periferico
48043,Sesto Fiorentino,1.0,1960.0,1964.0,15.5,30-,C - Cintura
48044,Signa,0.0,,,13.4,30-,C - Cintura
48045,Tavarnelle Val di Pesa,0.0,,,19.9,30-,D - Intermedio
48046,Vaglia,0.0,,,28.9,30-,D - Intermedio
48047,Vaiano,0.0,,,32.1,30-,D - Intermedio
48048,Vernio,0.0,,,25.6,30-,E - Periferico
48049,Vicchio,0.0,,,36.8,30-,E - Periferico
48050,Vinci,0.0,,,32.7,30-,C - Cintura
48051,Poggio a Caiano,0.0,,,18.5,30-,C - Cintura
49001,Bibbona,0.0,,,92.7,60+,E - Periferico
49002,Campiglia Marittima,0.0,,,111.8,60+,E - Periferico
49006,Castagneto Carducci,0.0,,,99.1,60+,E - Periferico
49007,Cecina,0.0,,,85.8,60+,D - Intermedio
49008,Collesalvetti,0.0,,,75.5,60+,C - Cintura
49012,Piombino,0.0,,,119.9,60+,E - Periferico
49017,Rosignano Marittimo,0.0,,,86.9,60+,D - Intermedio
49018,San Vincenzo,0.0,,,103.9,60+,E - Periferico
49019,Sassetta,0.0,,,114.0,60+,E - Periferico
49020,Suvereto,0.0,,,119.5,60+,E - Periferico
50001,Bientina,0.0,,,51.0,60-,C - Cintura
50002,Buti,0.0,,,57.4,60-,C - Cintura
50003,Calci,0.0,,,68.8,60+,C - Cintura
50004,Calcinaia,0.0,,,50.7,60-,C - Cintura
50005,Capannoli,0.0,,,56.8,60-,C - Cintura
50006,Casale Marittimo,0.0,,,93.8,60+,E - Periferico
50007,Casciana Terme,0.0,,,67.2,60+,C - Cintura
50008,Cascina,0.0,,,61.1,60+,C - Cintura
50009,Castelfranco di Sotto,0.0,,,46.1,60-,C - Cintura
50010,Castellina Marittima,0.0,,,91.3,60+,E - Periferico
50011,Castelnuovo di Val di Cecina,0.0,,,92.1,60+,E - Periferico
50012,Chianni,0.0,,,80.3,60+,D - Intermedio
50013,Crespina,0.0,,,60.6,60-,C - Cintura
50014,Fauglia,0.0,,,63.9,60+,C - Cintura
50015,Guardistallo,0.0,,,93.0,60+,E - Periferico
50016,Lajatico,0.0,,,75.0,60+,D - Intermedio
50017,Lari,0.0,,,59.2,60-,C - Cintura
50018,Lorenzana,0.0,,,67.8,60+,C - Cintura
50019,Montecatini Val di Cecina,0.0,,,86.7,60+,E - Periferico
50020,Montescudaio,0.0,,,88.2,60+,E - Periferico
50021,Monteverdi Marittimo,0.0,,,111.2,60+,E - Periferico
50022,Montopoli in Val d'Arno,0.0,,,42.0,60-,C - Cintura
50023,Orciano Pisano,0.0,,,75.3,60+,D - Intermedio
50024,Palaia,0.0,,,52.9,60-,C - Cintura
50025,Peccioli,0.0,,,66.1,60-,C - Cintura
50026,Pisa,0.0,,,69.6,60+,A - Polo
50027,Pomarance,0.0,,,87.2,60+,E - Periferico
50028,Ponsacco,0.0,,,53.0,60-,C - Cintura
50029,Pontedera,0.0,,,51.4,60-,A - Polo
50030,Riparbella,0.0,,,95.8,60+,E - Periferico
50031,San Giuliano Terme,0.0,,,63.4,60+,C - Cintura
50032,San Miniato,0.0,,,37.3,60-,C - Cintura
50033,Santa Croce sull'Arno,0.0,,,37.7,60-,C - Cintura
50034,Santa Luce,0.0,,,78.3,60+,D - Intermedio
50035,Santa Maria a Monte,0.0,,,45.6,60-,C - Cintura
50036,Terricciola,0.0,,,67.7,60-,C - Cintura
50037,Vecchiano,0.0,,,54.8,60-,C - Cintura
50038,Vicopisano,0.0,,,65.4,60-,C - Cintura
50039,Volterra,0.0,,,63.5,60+,E - Periferico
51001,Anghiari,0.0,,,39.0,60-,D - Intermedio
51002,Arezzo,1.0,1964.0,1964.0,16.8,30-,A - Polo
51003,Badia Tedalda,0.0,,,65.7,60+,F - Ultraperiferico
51004,Bibbiena,0.0,,,54.4,60-,D - Intermedio
51005,Bucine,0.0,,,27.2,30-,D - Intermedio
51006,Capolona,0.0,,,28.9,30-,C - Cintura
51007,Caprese Michelangelo,0.0,,,59.9,60+,E - Periferico
51008,Castel Focognano,0.0,,,60.0,60-,C - Cintura
51009,Castelfranco di Sopra,0.0,,,20.1,30-,D - Intermedio
51010,Castel San Niccolo',0.0,,,,60-,E - Periferico
51011,Castiglion Fibocchi,0.0,,,27.0,30-,C - Cintura
51012,Castiglion Fiorentino,0.0,,,20.1,30-,D - Intermedio
51013,Cavriglia,0.0,,,16.6,30-,E - Periferico
51014,Chitignano,0.0,,,47.2,60-,D - Intermedio
51015,Chiusi della Verna,0.0,,,73.2,60-,E - Periferico
51016,Civitella in Val di Chiana,0.0,,,9.1,30-,C - Cintura
51017,Cortona,0.0,,,25.0,30-,E - Periferico
51018,Foiano della Chiana,0.0,,,9.2,30-,D - Intermedio
51019,Laterina,0.0,,,19.9,30-,C - Cintura
51020,Loro Ciuffenna,0.0,,,15.7,30-,D - Intermedio
51021,Lucignano,0.0,,,8.7,30-,D - Intermedio
51022,Marciano della Chiana,0.0,,,4.9,30-,C - Cintura
51023,Montemignaio,0.0,,,42.4,60-,E - Periferico
51024,Monterchi,0.0,,,39.7,60-,D - Intermedio
51025,Monte San Savino,1.0,1964.0,1964.0,11.1,30-,C - Cintura
51026,Montevarchi,0.0,,,14.5,30-,D - Intermedio
51027,Ortignano Raggiolo,0.0,,,57.3,60-,D - Intermedio
51028,Pergine Valdarno,0.0,,,20.6,30-,C - Cintura
51029,Pian di Sco,0.0,,,16.9,30-,D - Intermedio
51030,Pieve Santo Stefano,0.0,,,61.4,60-,E - Periferico
51031,Poppi,0.0,,,55.6,60-,D - Intermedio
51032,Pratovecchio,0.0,,,41.2,60-,E - Periferico
51033,San Giovanni Valdarno,0.0,,,6.8,30-,D - Intermedio
51034,Sansepolcro,0.0,,,48.1,60-,D - Intermedio
51035,Sestino,0.0,,,92.0,60+,F - Ultraperiferico
51036,Stia,0.0,,,53.2,60-,E - Periferico
51037,Subbiano,0.0,,,33.9,30-,C - Cintura
51038,Talla,0.0,,,39.8,60-,D - Intermedio
51039,Terranuova Bracciolini,1.0,1964.0,1964.0,9.1,30-,D - Intermedio
52001,Abbadia San Salvatore,0.0,,,48.5,60-,E - Periferico
52002,Asciano,0.0,,,25.2,30-,D - Intermedio
52003,Buonconvento,0.0,,,44.1,60-,D - Intermedio
52004,Casole d'Elsa,0.0,,,54.9,60-,D - Intermedio
52005,Castellina in Chianti,0.0,,,35.0,60-,C - Cintura
52006,Castelnuovo Berardenga,0.0,,,29.4,30-,C - Cintura
52007,Castiglione d'Orcia,0.0,,,54.5,60-,E - Periferico
52008,Cetona,0.0,,,20.4,30-,E - Periferico
52009,Chianciano Terme,0.0,,,9.0,30-,E - Periferico
52010,Chiusdino,0.0,,,71.3,60+,E - Periferico
52011,Chiusi,1.0,1964.0,1964.0,4.0,30-,D - Intermedio
52012,Colle di Val d'Elsa,0.0,,,48.5,60-,C - Cintura
52013,Gaiole in Chianti,0.0,,,31.9,30-,D - Intermedio
52014,Montalcino,0.0,,,58.1,60-,E - Periferico
52015,Montepulciano,0.0,,,24.4,30-,E - Periferico
52016,Monteriggioni,0.0,,,56.1,60-,C - Cintura
52017,Monteroni d'Arbia,0.0,,,45.4,60-,C - Cintura
52018,Monticiano,0.0,,,60.4,60+,E - Periferico
52019,Murlo,0.0,,,62.4,60-,D - Intermedio
52020,Piancastagnaio,0.0,,,51.1,60-,E - Periferico
52021,Pienza,0.0,,,38.5,30-,E - Periferico
52022,Poggibonsi,0.0,,,31.8,60-,C - Cintura
52023,Radda in Chianti,0.0,,,29.0,30-,D - Intermedio
52024,Radicofani,0.0,,,29.7,30-,E - Periferico
52025,Radicondoli,0.0,,,74.5,60+,E - Periferico
52026,Rapolano Terme,0.0,,,19.7,30-,C - Cintura
52027,San Casciano dei Bagni,0.0,,,27.6,30-,E - Periferico
52028,San Gimignano,0.0,,,46.7,60-,D - Intermedio
52029,San Giovanni d'Asso,0.0,,,31.8,30-,E - Periferico
52030,San Quirico d'Orcia,0.0,,,38.2,60-,E - Periferico
52031,Sarteano,0.0,,,17.0,30-,D - Intermedio
52032,Siena,0.0,,,42.6,60-,A - Polo
52033,Sinalunga,1.0,1964.0,1964.0,10.7,30-,D - Intermedio
52034,Sovicille,0.0,,,52.5,60-,C - Cintura
52035,Torrita di Siena,0.0,,,16.1,30-,D - Intermedio
52036,Trequanda,0.0,,,15.1,30-,E - Periferico
53001,Arcidosso,0.0,,,90.3,60+,E - Periferico
53002,Campagnatico,0.0,,,95.5,60+,C - Cintura
53003,Capalbio,0.0,,,105.9,60+,E - Periferico
53004,Castel del Piano,0.0,,,75.5,60+,E - Periferico
53005,Castell'Azzara,0.0,,,66.0,60+,E - Periferico
53006,Castiglione della Pescaia,0.0,,,135.0,60+,C - Cintura
53007,Cinigiano,0.0,,,87.9,60+,D - Intermedio
53008,Civitella Paganico,0.0,,,70.7,60+,C - Cintura
53009,Follonica,0.0,,,120.4,60+,D - Intermedio
53010,Gavorrano,0.0,,,113.0,60+,D - Intermedio
53013,Magliano in Toscana,0.0,,,113.5,60+,D - Intermedio
53014,Manciano,0.0,,,76.7,60+,E - Periferico
53015,Massa Marittima,0.0,,,103.8,60+,D - Intermedio
53016,Monte Argentario,0.0,,,124.2,60+,E - Periferico
53017,Montieri,0.0,,,89.7,60+,E - Periferico
53018,Orbetello,0.0,,,101.3,60+,D - Intermedio
53019,Pitigliano,0.0,,,59.5,60-,E - Periferico
53020,Roccalbegna,0.0,,,90.1,60+,E - Periferico
53021,Roccastrada,0.0,,,90.3,60+,D - Intermedio
53022,Santa Fiora,0.0,,,68.8,60+,E - Periferico
53023,Scansano,0.0,,,99.4,60+,D - Intermedio
53024,Scarlino,0.0,,,123.1,60+,D - Intermedio
53025,Seggiano,0.0,,,61.9,60-,E - Periferico
53026,Sorano,0.0,,,62.3,60-,E - Periferico
53027,Monterotondo Marittimo,0.0,,,105.2,60+,E - Periferico
53028,Semproniano,0.0,,,83.7,60+,F - Ultraperiferico
54001,Assisi,0.0,,,73.0,60-,C - Cintura
54002,Bastia Umbra,0.0,,,,60-,C - Cintura
54003,Bettona,0.0,,,65.6,60+,C - Cintura
54004,Bevagna,0.0,,,71.9,60+,C - Cintura
54005,Campello sul Clitunno,0.0,,,83.5,60+,C - Cintura
54006,Cannara,0.0,,,78.2,60+,C - Cintura
54007,Cascia,0.0,,,92.2,60+,E - Periferico
54008,Castel Ritaldi,0.0,,,70.0,60+,C - Cintura
54009,Castiglione del Lago,0.0,,,27.1,30-,D - Intermedio
54010,Cerreto di Spoleto,0.0,,,80.1,60+,D - Intermedio
54011,Citerna,0.0,,,41.9,60-,D - Intermedio
54012,Citta' della Pieve,0.0,,,,30-,D - Intermedio
54013,Citta' di Castello,0.0,,,,60-,E - Periferico
54014,Collazzone,0.0,,,53.2,60-,D - Intermedio
54015,Corciano,0.0,,,39.2,60-,C - Cintura
54016,Costacciaro,0.0,,,91.3,60+,E - Periferico
54017,Deruta,0.0,,,56.2,60-,C - Cintura
54018,Foligno,0.0,,,84.7,60+,A - Polo
54019,Fossato di Vico,0.0,,,84.9,60+,D - Intermedio
54020,Fratta Todina,0.0,,,52.2,60-,D - Intermedio
54021,Giano Dell'Umbria,0.0,,,59.1,60-,D - Intermedio
54022,Gualdo Cattaneo,0.0,,,62.8,60-,C - Cintura
54023,Gualdo Tadino,0.0,,,83.2,60+,D - Intermedio
54024,Gubbio,0.0,,,95.9,60+,E - Periferico
54048,Sellano,0.0,,,84.3,60+,D - Intermedio
54049,Sigillo,0.0,,,88.3,60+,D - Intermedio
54050,Spello,0.0,,,66.7,60+,C - Cintura
54051,Spoleto,0.0,,,57.3,60-,A - Polo
54052,Todi,0.0,,,35.4,60-,D - Intermedio
54053,Torgiano,0.0,,,57.0,60-,C - Cintura
54054,Trevi,0.0,,,72.9,60+,C - Cintura
54055,Tuoro sul Trasimeno,0.0,,,23.9,30-,D - Intermedio
54056,Umbertide,0.0,,,58.4,60+,D - Intermedio
54057,Valfabbrica,0.0,,,78.1,60+,C - Cintura
54058,Vallo di Nera,0.0,,,76.1,60+,C - Cintura
54059,Valtopina,0.0,,,79.6,60+,C - Cintura
55001,Acquasparta,0.0,,,35.5,60-,C - Cintura
55002,Allerona,0.0,,,24.7,30-,C - Cintura
55003,Alviano,0.0,,,21.3,30-,D - Intermedio
55004,Amelia,0.0,,,21.4,30-,C - Cintura
55005,Arrone,0.0,,,47.9,60-,C - Cintura
55006,Attigliano,1.0,1964.0,1964.0,2.7,30-,C - Cintura
55007,Baschi,0.0,,,22.3,30-,C - Cintura
55008,Calvi dell'Umbria,0.0,,,14.8,30-,E - Periferico
55009,Castel Giorgio,0.0,,,24.0,30-,C - Cintura
55010,Castel Viscardo,0.0,,,18.9,30-,C - Cintura
55011,Fabro,1.0,1964.0,1964.0,5.1,30-,C - Cintura
55012,Ferentillo,0.0,,,51.5,60-,C - Cintura
55013,Ficulle,0.0,,,13.1,30-,D - Intermedio
55014,Giove,0.0,,,6.1,30-,D - Intermedio
55015,Guardea,0.0,,,24.1,30-,D - Intermedio
55016,Lugnano in Teverina,0.0,,,14.1,30-,D - Intermedio
55017,Montecastrilli,0.0,,,34.2,60-,C - Cintura
55018,Montecchio,0.0,,,23.5,30-,D - Intermedio
55019,Montefranco,0.0,,,37.8,60-,C - Cintura
55020,Montegabbione,0.0,,,16.0,30-,D - Intermedio
55021,Monteleone d'Orvieto,0.0,,,7.4,30-,D - Intermedio
55022,Narni,0.0,,,19.2,30-,C - Cintura
55023,Orvieto,1.0,1964.0,1964.0,2.0,30-,A - Polo
55024,Otricoli,0.0,,,7.0,30-,D - Intermedio
55025,Parrano,0.0,,,17.6,30-,D - Intermedio
55026,Penna in Teverina,0.0,,,13.6,30-,D - Intermedio
55027,Polino,0.0,,,58.5,60-,D - Intermedio
55028,Porano,0.0,,,13.6,30-,C - Cintura
55029,San Gemini,0.0,,,23.1,30-,C - Cintura
55030,San Venanzo,0.0,,,34.2,60-,D - Intermedio
55031,Stroncone,0.0,,,42.4,60-,C - Cintura
55032,Terni,0.0,,,29.6,30-,A - Polo
55033,Avigliano Umbro,0.0,,,37.9,60-,D - Intermedio
56001,Acquapendente,0.0,,,46.6,60-,D - Intermedio
56002,Arlena di Castro,0.0,,,55.8,60-,D - Intermedio
56003,Bagnoregio,0.0,,,24.6,30-,C - Cintura
56004,Barbarano Romano,0.0,,,72.8,60-,D - Intermedio
56005,Bassano Romano,0.0,,,46.6,60-,D - Intermedio
56006,Bassano in Teverina,0.0,,,13.7,30-,C - Cintura
56007,Blera,0.0,,,59.4,60-,C - Cintura
56008,Bolsena,0.0,,,31.7,60-,C - Cintura
56009,Bomarzo,0.0,,,6.8,30-,C - Cintura
56010,Calcata,0.0,,,28.9,30-,E - Periferico
56011,Canepina,0.0,,,38.1,30-,C - Cintura
56012,Canino,0.0,,,69.7,60-,E - Periferico
56013,Capodimonte,0.0,,,53.8,60-,C - Cintura
56014,Capranica,0.0,,,42.5,60-,D - Intermedio
56015,Caprarola,0.0,,,40.8,60-,C - Cintura
56016,Carbognano,0.0,,,28.4,30-,C - Cintura
56017,Castel Sant'Elia,0.0,,,21.4,30-,E - Periferico
56018,Castiglione in Teverina,0.0,,,13.0,30-,C - Cintura
56019,Celleno,0.0,,,32.6,60-,C - Cintura
56020,Cellere,0.0,,,57.9,60-,E - Periferico
56021,Civita Castellana,0.0,,,13.5,30-,E - Periferico
56022,Civitella d'Agliano,0.0,,,22.6,30-,D - Intermedio
56023,Corchiano,0.0,,,20.9,30-,D - Intermedio
56024,Fabrica di Roma,0.0,,,18.6,30-,D - Intermedio
56025,Faleria,0.0,,,23.7,30-,E - Periferico
56026,Farnese,0.0,,,57.9,60-,E - Periferico
56027,Gallese,0.0,,,12.8,30-,D - Intermedio
56028,Gradoli,0.0,,,43.8,60-,D - Intermedio
56029,Graffignano,0.0,,,12.0,30-,D - Intermedio
56030,Grotte di Castro,0.0,,,42.4,60-,D - Intermedio
56031,Ischia di Castro,0.0,,,68.3,60-,D - Intermedio
56032,Latera,0.0,,,46.6,60-,E - Periferico
56033,Lubriano,0.0,,,16.4,30-,C - Cintura
56034,Marta,0.0,,,45.5,60-,C - Cintura
56035,Montalto di Castro,0.0,,,90.3,60+,D - Intermedio
56036,Montefiascone,0.0,,,35.8,60-,C - Cintura
56037,Monte Romano,0.0,,,70.7,60-,C - Cintura
56038,Monterosi,0.0,,,34.6,60-,D - Intermedio
56039,Nepi,0.0,,,27.5,30-,D - Intermedio
56040,Onano,0.0,,,45.9,60-,D - Intermedio
56041,Oriolo Romano,0.0,,,52.2,60-,E - Periferico
56042,Orte,1.0,1963.0,1964.0,9.0,30-,C - Cintura
56043,Piansano,0.0,,,57.6,60-,D - Intermedio
56044,Proceno,0.0,,,52.1,60-,D - Intermedio
56045,Ronciglione,0.0,,,38.5,60-,C - Cintura
56046,Villa San Giovanni in Tuscia,0.0,,,50.5,60-,C - Cintura
56047,San Lorenzo Nuovo,0.0,,,38.8,30-,C - Cintura
56048,Soriano nel Cimino,0.0,,,15.6,30-,C - Cintura
56049,Sutri,0.0,,,35.5,60-,D - Intermedio
56050,Tarquinia,0.0,,,66.7,60+,C - Cintura
56051,Tessennano,0.0,,,63.7,60+,D - Intermedio
56052,Tuscania,0.0,,,54.6,60-,C - Cintura
56053,Valentano,0.0,,,47.2,60-,D - Intermedio
56054,Vallerano,0.0,,,25.1,30-,C - Cintura
56055,Vasanello,0.0,,,14.3,30-,D - Intermedio
56056,Vejano,0.0,,,58.1,60-,D - Intermedio
56057,Vetralla,0.0,,,44.3,60-,C - Cintura
56058,Vignanello,0.0,,,20.6,30-,C - Cintura
56059,Viterbo,0.0,,,36.8,30-,A - Polo
56060,Vitorchiano,0.0,,,18.4,30-,C - Cintura
57001,Accumoli,0.0,,,113.6,60+,E - Periferico
57002,Amatrice,0.0,,,102.8,60+,E - Periferico
57003,Antrodoco,0.0,,,72.3,60+,C - Cintura
57004,Ascrea,0.0,,,59.9,60-,
57005,Belmonte in Sabina,0.0,,,51.7,60-,C - Cintura
57006,Borbona,0.0,,,92.9,60+,D - Intermedio
57007,Borgorose,0.0,,,59.8,60-,C - Cintura
57008,Borgo Velino,0.0,,,64.7,60+,C - Cintura
57009,Cantalice,0.0,,,67.7,60+,C - Cintura
57010,Cantalupo in Sabina,0.0,,,26.7,30-,E - Periferico
57011,Casaprota,0.0,,,33.8,60-,C - Cintura
57012,Casperia,0.0,,,32.4,60-,E - Periferico
57013,Castel di Tora,0.0,,,54.6,60-,D - Intermedio
57014,Castelnuovo di Farfa,0.0,,,26.3,30-,D - Intermedio
57015,Castel Sant'Angelo,0.0,,,63.5,60-,C - Cintura
57016,Cittaducale,0.0,,,52.1,60-,C - Cintura
57017,Cittareale,0.0,,,91.6,60+,E - Periferico
57018,Collalto Sabino,0.0,,,59.8,60-,
57019,Colle di Tora,0.0,,,52.2,60-,D - Intermedio
57020,Collegiove,0.0,,,66.3,60+,E - Periferico
57021,Collevecchio,0.0,,,14.5,30-,E - Periferico
57022,Colli sul Velino,0.0,,,41.8,60-,C - Cintura
57023,Concerviano,0.0,,,67.2,60+,C - Cintura
57024,Configni,0.0,,,35.0,60-,C - Cintura
57025,Contigliano,0.0,,,50.1,60-,C - Cintura
57026,Cottanello,0.0,,,42.8,60-,
57027,Fara in Sabina,0.0,,,14.0,30-,D - Intermedio
57028,Fiamignano,0.0,,,87.8,60+,D - Intermedio
57029,Forano,0.0,,,23.4,30-,D - Intermedio
57030,Frasso Sabino,0.0,,,24.7,30-,C - Cintura
57031,Greccio,0.0,,,47.5,60-,C - Cintura
57032,Labro,0.0,,,45.8,60-,C - Cintura
57033,Leonessa,0.0,,,73.0,60+,E - Periferico
57034,Longone Sabino,0.0,,,61.5,60+,D - Intermedio
57035,Magliano Sabina,1.0,1963.0,1964.0,10.2,30-,D - Intermedio
57036,Marcetelli,0.0,,,80.4,60+,E - Periferico
57037,Micigliano,0.0,,,69.2,60+,
57038,Mompeo,0.0,,,40.9,60-,
57039,Montasola,0.0,,,38.0,60-,D - Intermedio
57040,Montebuono,0.0,,,20.4,30-,E - Periferico
57041,Monteleone Sabino,0.0,,,35.4,60-,C - Cintura
57042,Montenero Sabino,0.0,,,49.3,60-,
57043,Monte San Giovanni in Sabina,0.0,,,51.1,60-,C - Cintura
57044,Montopoli di Sabina,0.0,,,16.4,30-,E - Periferico
57045,Morro Reatino,0.0,,,51.1,60-,C - Cintura
57046,Nespolo,0.0,,,62.3,60-,E - Periferico
57047,Orvinio,0.0,,,47.4,60-,E - Periferico
57048,Paganico Sabino,0.0,,,,60-,
57049,Pescorocchiano,0.0,,,69.7,60+,D - Intermedio
57050,Petrella Salto,0.0,,,69.1,60+,C - Cintura
57051,Poggio Bustone,0.0,,,58.0,60-,C - Cintura
57052,Poggio Catino,0.0,,,31.3,60-,D - Intermedio
57053,Poggio Mirteto,0.0,,,29.4,30-,E - Periferico
57054,Poggio Moiano,0.0,,,33.1,60-,D - Intermedio
57055,Poggio Nativo,0.0,,,27.3,30-,D - Intermedio
57056,Poggio San Lorenzo,0.0,,,33.0,60-,C - Cintura
57057,Posta,0.0,,,79.0,60+,D - Intermedio
57058,Pozzaglia Sabina,0.0,,,45.3,60-,E - Periferico
57059,Rieti,0.0,,,47.4,60-,A - Polo
57060,Rivodutri,0.0,,,52.0,60-,C - Cintura
57061,Roccantica,0.0,,,33.4,60-,E - Periferico
57062,Rocca Sinibalda,0.0,,,51.3,60-,C - Cintura
57063,Salisano,0.0,,,37.4,60-,E - Periferico
57064,Scandriglia,0.0,,,35.1,60-,D - Intermedio
57065,Selci,0.0,,,24.1,30-,E - Periferico
57066,Stimigliano,0.0,,,17.2,30-,D - Intermedio
57067,Tarano,0.0,,,21.1,30-,E - Periferico
57068,Toffia,0.0,,,25.5,30-,D - Intermedio
57069,Torricella in Sabina,0.0,,,37.5,60-,C - Cintura
57070,Torri in Sabina,0.0,,,26.0,30-,D - Intermedio
57071,Turania,0.0,,,53.6,60-,D - Intermedio
57072,Vacone,0.0,,,35.9,60-,D - Intermedio
57073,Varco Sabino,0.0,,,82.6,60+,D - Intermedio
58001,Affile,0.0,,,36.3,60-,E - Periferico
58002,Agosta,0.0,,,49.2,60-,D - Intermedio
58003,Albano Laziale,0.0,,,27.9,30-,C - Cintura
58004,Allumiere,0.0,,,75.6,60+,C - Cintura
58005,Anguillara Sabazia,0.0,,,50.7,60-,D - Intermedio
58006,Anticoli Corrado,0.0,,,43.3,60-,D - Intermedio
58007,Anzio,0.0,,,64.7,60-,A - Polo
58008,Arcinazzo Romano,0.0,,,33.2,30-,E - Periferico
58009,Ariccia,0.0,,,30.9,30-,C - Cintura
58010,Arsoli,0.0,,,50.6,60-,D - Intermedio
58011,Artena,0.0,,,17.9,30-,C - Cintura
58012,Bellegra,0.0,,,31.5,30-,E - Periferico
58013,Bracciano,0.0,,,56.9,60-,E - Periferico
58014,Camerata Nuova,0.0,,,73.3,60-,D - Intermedio
58015,Campagnano di Roma,0.0,,,34.0,60-,D - Intermedio
58016,Canale Monterano,0.0,,,64.6,60+,E - Periferico
58017,Canterano,0.0,,,50.4,60-,D - Intermedio
58018,Capena,0.0,,,10.8,30-,C - Cintura
58019,Capranica Prenestina,0.0,,,43.4,60-,
58020,Carpineto Romano,0.0,,,27.0,30-,E - Periferico
58021,Casape,0.0,,,46.0,60-,C - Cintura
58022,Castel Gandolfo,0.0,,,27.4,30-,C - Cintura
58023,Castel Madama,0.0,,,31.0,30-,C - Cintura
58024,Castelnuovo di Porto,0.0,,,23.0,30-,D - Intermedio
58025,Castel San Pietro Romano,0.0,,,26.2,30-,D - Intermedio
58026,Cave,0.0,,,17.8,30-,D - Intermedio
58027,Cerreto Laziale,0.0,,,42.8,60-,C - Cintura
58028,Cervara di Roma,0.0,,,62.9,60+,E - Periferico
58029,Cerveteri,0.0,,,51.7,60-,D - Intermedio
58030,Ciciliano,0.0,,,35.6,60-,C - Cintura
58031,Cineto Romano,0.0,,,43.7,60-,C - Cintura
58032,Civitavecchia,0.0,,,64.3,60-,A - Polo
58033,Civitella San Paolo,0.0,,,15.0,30-,D - Intermedio
58034,Colleferro,1.0,1962.0,1962.0,16.2,30-,D - Intermedio
58035,Colonna,0.0,,,6.0,30-,C - Cintura
58036,Fiano Romano,1.0,1963.0,1964.0,6.4,30-,D - Intermedio
58037,Filacciano,0.0,,,25.3,30-,D - Intermedio
58038,Formello,0.0,,,35.2,30-,C - Cintura
58039,Frascati,0.0,,,8.300000000000002,30-,C - Cintura
58040,Gallicano nel Lazio,0.0,,,20.3,30-,D - Intermedio
58041,Gavignano,0.0,,,7.7,30-,D - Intermedio
58042,Genazzano,0.0,,,19.7,30-,D - Intermedio
58043,Genzano di Roma,0.0,,,36.3,30-,C - Cintura
58044,Gerano,0.0,,,42.1,60-,D - Intermedio
58045,Gorga,0.0,,,26.9,30-,E - Periferico
58046,Grottaferrata,0.0,,,9.1,30-,C - Cintura
58047,Guidonia Montecelio,0.0,,,22.5,30-,C - Cintura
58048,Jenne,0.0,,,52.2,60-,E - Periferico
58049,Labico,0.0,,,15.2,30-,D - Intermedio
58050,Lanuvio,0.0,,,41.9,60-,C - Cintura
58051,Licenza,0.0,,,43.1,60-,C - Cintura
58052,Magliano Romano,0.0,,,29.4,30-,D - Intermedio
58053,Mandela,0.0,,,40.7,60-,C - Cintura
58054,Manziana,0.0,,,62.5,60-,E - Periferico
58055,Marano Equo,0.0,,,49.2,60-,D - Intermedio
58056,Marcellina,0.0,,,37.9,60-,C - Cintura
58057,Marino,0.0,,,18.3,30-,C - Cintura
58058,Mazzano Romano,0.0,,,48.2,60-,D - Intermedio
58059,Mentana,0.0,,,20.1,30-,C - Cintura
58060,Monte Compatri,0.0,,,,30-,C - Cintura
58061,Monteflavio,0.0,,,37.3,60-,E - Periferico
58062,Montelanico,0.0,,,21.9,30-,D - Intermedio
58063,Montelibretti,0.0,,,13.5,30-,D - Intermedio
58064,Monte Porzio Catone,1.0,1962.0,1962.0,2.2,30-,C - Cintura
58065,Monterotondo,0.0,,,11.4,30-,D - Intermedio
58066,Montorio Romano,0.0,,,29.1,30-,D - Intermedio
58067,Moricone,0.0,,,25.2,30-,D - Intermedio
58068,Morlupo,0.0,,,17.4,30-,D - Intermedio
58069,Nazzano,0.0,,,22.4,30-,D - Intermedio
58070,Nemi,0.0,,,37.2,30-,C - Cintura
58071,Nerola,0.0,,,18.1,30-,D - Intermedio
58072,Nettuno,0.0,,,64.4,60+,C - Cintura
58073,Olevano Romano,0.0,,,23.5,30-,E - Periferico
58074,Palestrina,0.0,,,16.1,30-,D - Intermedio
58075,Palombara Sabina,0.0,,,30.5,60-,D - Intermedio
58076,Percile,0.0,,,54.3,60-,D - Intermedio
58077,Pisoniano,0.0,,,32.9,60-,D - Intermedio
58078,Poli,0.0,,,33.8,60-,D - Intermedio
58079,Pomezia,0.0,,,37.9,30-,C - Cintura
58080,Ponzano Romano,1.0,2000.0,1964.0,17.4,30-,D - Intermedio
58081,Riano,0.0,,,15.0,30-,C - Cintura
58082,Rignano Flaminio,0.0,,,31.1,30-,D - Intermedio
58083,Riofreddo,0.0,,,48.1,60-,D - Intermedio
58084,Rocca Canterano,0.0,,,52.8,60-,
58085,Rocca di Cave,0.0,,,28.3,60-,E - Periferico
58086,Rocca di Papa,0.0,,,36.4,30-,C - Cintura
58087,Roccagiovine,0.0,,,40.8,60-,C - Cintura
58088,Rocca Priora,0.0,,,11.2,30-,C - Cintura
58089,Rocca Santo Stefano,0.0,,,38.6,60-,D - Intermedio
58090,Roiate,0.0,,,26.7,30-,E - Periferico
58091,Roma,1.0,1962.0,1962.0,33.1,30-,A - Polo
58092,Roviano,0.0,,,34.4,60-,D - Intermedio
58093,Sacrofano,0.0,,,35.4,30-,C - Cintura
58094,Sambuci,0.0,,,37.5,60-,C - Cintura
58095,San Gregorio da Sassola,0.0,,,40.9,60-,C - Cintura
58096,San Polo dei Cavalieri,0.0,,,47.7,60-,C - Cintura
58097,Santa Marinella,0.0,,,61.6,60-,C - Cintura
58098,Sant'Angelo Romano,0.0,,,29.2,30-,D - Intermedio
58099,Sant'Oreste,0.0,,,21.9,30-,E - Periferico
58100,San Vito Romano,0.0,,,27.7,30-,D - Intermedio
58101,Saracinesco,0.0,,,43.5,60-,D - Intermedio
58102,Segni,0.0,,,16.8,30-,D - Intermedio
58103,Subiaco,0.0,,,47.8,60-,E - Periferico
58104,Tivoli,0.0,,,30.2,30-,A - Polo
58105,Tolfa,0.0,,,71.6,60+,C - Cintura
58106,Torrita Tiberina,0.0,,,21.5,30-,D - Intermedio
58107,Trevignano Romano,0.0,,,42.7,60-,D - Intermedio
58108,Vallepietra,0.0,,,50.9,60-,F - Ultraperiferico
58109,Vallinfreda,0.0,,,54.9,60-,E - Periferico
58110,Valmontone,1.0,1962.0,1962.0,9.5,30-,C - Cintura
58111,Velletri,0.0,,,35.2,60-,A - Polo
58112,Vicovaro,0.0,,,34.9,60-,C - Cintura
58113,Vivaro Romano,0.0,,,52.1,60-,D - Intermedio
58114,Zagarolo,0.0,,,12.6,30-,C - Cintura
58115,Lariano,0.0,,,21.9,30-,C - Cintura
59020,Prossedi,0.0,,,18.7,30-,C - Cintura
59021,Roccagorga,0.0,,,37.4,60-,D - Intermedio
59022,Rocca Massima,0.0,,,33.0,30-,D - Intermedio
59023,Roccasecca dei Volsci,0.0,,,41.1,30-,D - Intermedio
59024,Sabaudia,0.0,,,48.7,60-,D - Intermedio
59025,San Felice Circeo,0.0,,,59.6,60-,D - Intermedio
59026,Santi Cosma e Damiano,0.0,,,34.8,60-,D - Intermedio
59027,Sermoneta,0.0,,,48.1,60-,D - Intermedio
59028,Sezze,0.0,,,36.5,60-,D - Intermedio
59029,Sonnino,0.0,,,38.9,60-,E - Periferico
59030,Sperlonga,0.0,,,65.3,60+,C - Cintura
59031,Spigno Saturnia,0.0,,,38.1,30-,C - Cintura
59032,Terracina,0.0,,,41.1,60-,E - Periferico
60001,Acquafondata,0.0,,,41.2,60-,D - Intermedio
60002,Acuto,0.0,,,20.0,30-,D - Intermedio
60003,Alatri,0.0,,,16.3,30-,C - Cintura
60004,Alvito,0.0,,,39.3,60-,C - Cintura
60005,Amaseno,0.0,,,32.1,30-,D - Intermedio
60006,Anagni,1.0,1962.0,1962.0,6.6,30-,D - Intermedio
60007,Aquino,0.0,,,13.1,30-,C - Cintura
60008,Arce,0.0,,,17.5,30-,D - Intermedio
60009,Arnara,0.0,,,21.0,30-,C - Cintura
60010,Arpino,0.0,,,39.8,60-,D - Intermedio
60011,Atina,0.0,,,24.5,30-,C - Cintura
60012,Ausonia,0.0,,,23.4,30-,C - Cintura
60013,Belmonte Castello,0.0,,,18.1,30-,C - Cintura
60014,Boville Ernica,0.0,,,24.6,30-,C - Cintura
60015,Broccostella,0.0,,,38.2,60-,D - Intermedio
60016,Campoli Appennino,0.0,,,47.8,60-,D - Intermedio
60017,Casalattico,0.0,,,42.9,30-,C - Cintura
60018,Casalvieri,0.0,,,30.6,30-,C - Cintura
60019,Cassino,1.0,1962.0,1962.0,5.2,30-,A - Polo
60020,Castelliri,0.0,,,24.9,30-,C - Cintura
60021,Castelnuovo Parano,0.0,,,16.1,30-,C - Cintura
60022,Castrocielo,1.0,1962.0,1962.0,5.8,30-,C - Cintura
60023,Castro dei Volsci,0.0,,,23.2,30-,D - Intermedio
60024,Ceccano,0.0,,,12.3,30-,C - Cintura
60025,Ceprano,1.0,2008.0,1962.0,2.2,30-,C - Cintura
60026,Cervaro,0.0,,,9.7,30-,C - Cintura
60027,Colfelice,0.0,,,19.4,30-,D - Intermedio
60028,Collepardo,0.0,,,36.4,30-,D - Intermedio
60029,Colle San Magno,0.0,,,25.0,30-,D - Intermedio
60052,Piedimonte San Germano,0.0,,,10.0,30-,C - Cintura
60053,Piglio,0.0,,,14.4,30-,D - Intermedio
60054,Pignataro Interamna,0.0,,,8.9,30-,C - Cintura
60055,Pofi,0.0,,,13.8,30-,C - Cintura
60056,Pontecorvo,0.0,,,10.5,30-,C - Cintura
60057,Posta Fibreno,0.0,,,38.1,60-,D - Intermedio
60058,Ripi,0.0,,,15.2,30-,C - Cintura
60059,Rocca d'Arce,0.0,,,23.5,30-,D - Intermedio
60060,Roccasecca,0.0,,,11.2,30-,C - Cintura
60061,San Biagio Saracinisco,0.0,,,53.4,60-,D - Intermedio
60062,San Donato Val di Comino,0.0,,,35.6,60-,D - Intermedio
60063,San Giorgio a Liri,0.0,,,10.8,30-,C - Cintura
60064,San Giovanni Incarico,0.0,,,17.7,30-,D - Intermedio
60065,Sant'Ambrogio sul Garigliano,0.0,,,9.6,30-,C - Cintura
60066,Sant'Andrea del Garigliano,0.0,,,21.4,30-,C - Cintura
60067,Sant'Apollinare,0.0,,,16.4,30-,C - Cintura
60068,Sant'Elia Fiumerapido,0.0,,,22.5,30-,C - Cintura
60069,Santopadre,0.0,,,29.4,30-,D - Intermedio
60070,San Vittore del Lazio,1.0,1962.0,1962.0,8.300000000000002,30-,C - Cintura
60071,Serrone,0.0,,,19.0,30-,E - Periferico
60072,Settefrati,0.0,,,39.6,60-,D - Intermedio
60073,Sgurgola,0.0,,,16.3,30-,D - Intermedio
60074,Sora,0.0,,,31.6,60-,D - Intermedio
60075,Strangolagalli,0.0,,,12.2,30-,C - Cintura
60076,Supino,0.0,,,18.3,30-,C - Cintura
60077,Terelle,0.0,,,30.9,60-,D - Intermedio
60078,Torre Cajetani,0.0,,,27.2,30-,D - Intermedio
60079,Torrice,0.0,,,16.9,30-,C - Cintura
60080,Trevi nel Lazio,0.0,,,37.3,30-,E - Periferico
60081,Trivigliano,0.0,,,24.2,30-,D - Intermedio
60082,Vallecorsa,0.0,,,29.0,30-,D - Intermedio
60083,Vallemaio,0.0,,,20.5,30-,C - Cintura
60084,Vallerotonda,0.0,,,37.0,30-,C - Cintura
60085,Veroli,0.0,,,26.4,30-,C - Cintura
60086,Vicalvi,0.0,,,32.2,60-,C - Cintura
60087,Vico nel Lazio,0.0,,,38.9,30-,D - Intermedio
60088,Villa Latina,0.0,,,34.3,60-,C - Cintura
60089,Villa Santa Lucia,0.0,,,8.300000000000002,30-,C - Cintura
60090,Villa Santo Stefano,0.0,,,28.3,30-,D - Intermedio
60091,Viticuso,0.0,,,38.9,60-,D - Intermedio
61001,Ailano,0.0,,,37.8,60-,E - Periferico
61002,Alife,0.0,,,45.5,60-,E - Periferico
61003,Alvignano,0.0,,,35.4,60-,D - Intermedio
61004,Arienzo,0.0,,,28.1,30-,D - Intermedio
61005,Aversa,0.0,,,24.5,30-,A - Polo
61006,Baia e Latina,0.0,,,38.8,60-,D - Intermedio
61007,Bellona,0.0,,,15.5,30-,C - Cintura
61008,Caianello,1.0,1962.0,1962.0,20.0,30-,D - Intermedio
61009,Caiazzo,0.0,,,24.5,30-,C - Cintura
61010,Calvi Risorta,0.0,,,24.4,30-,D - Intermedio
61011,Camigliano,0.0,,,18.1,30-,D - Intermedio
61012,Cancello ed Arnone,0.0,,,35.8,60-,D - Intermedio
61013,Capodrise,0.0,,,8.2,30-,C - Cintura
61014,Capriati a Volturno,0.0,,,38.5,60-,E - Periferico
61015,Capua,0.0,,,22.8,30-,C - Cintura
61016,Carinaro,0.0,,,19.0,30-,C - Cintura
61017,Carinola,0.0,,,30.0,30-,D - Intermedio
61018,Casagiove,1.0,1959.0,1962.0,3.7,30-,C - Cintura
61019,Casal di Principe,0.0,,,33.7,30-,C - Cintura
61020,Casaluce,0.0,,,23.2,30-,C - Cintura
61021,Casapulla,0.0,,,5.9,30-,C - Cintura
61022,Caserta,0.0,,,18.8,30-,A - Polo
61023,Castel Campagnano,0.0,,,32.1,60-,D - Intermedio
61024,Castel di Sasso,0.0,,,26.1,30-,D - Intermedio
61025,Castello del Matese,0.0,,,94.0,60-,E - Periferico
61026,Castel Morrone,0.0,,,18.9,30-,C - Cintura
61027,Castel Volturno,0.0,,,38.3,60-,C - Cintura
61028,Cervino,0.0,,,20.2,30-,C - Cintura
61029,Cesa,0.0,,,21.6,30-,C - Cintura
61030,Ciorlano,0.0,,,37.9,60-,E - Periferico
61031,Conca della Campania,0.0,,,23.8,30-,D - Intermedio
61032,Curti,0.0,,,5.8,30-,C - Cintura
61033,Dragoni,0.0,,,42.9,60-,E - Periferico
61034,Fontegreca,0.0,,,45.7,60-,E - Periferico
61035,Formicola,0.0,,,28.1,30-,D - Intermedio
61036,Francolise,0.0,,,21.5,30-,D - Intermedio
61037,Frignano,0.0,,,21.9,30-,C - Cintura
61038,Gallo Matese,0.0,,,59.5,60-,E - Periferico
61039,Galluccio,0.0,,,24.6,30-,D - Intermedio
61040,Giano Vetusto,0.0,,,22.6,30-,E - Periferico
61041,Gioia Sannitica,0.0,,,51.4,60-,E - Periferico
61042,Grazzanise,0.0,,,30.6,30-,D - Intermedio
61043,Gricignano di Aversa,0.0,,,20.2,30-,C - Cintura
61044,Letino,0.0,,,72.1,60+,E - Periferico
61045,Liberi,0.0,,,34.1,60-,D - Intermedio
61046,Lusciano,0.0,,,25.8,30-,C - Cintura
61047,Macerata Campania,0.0,,,10.7,30-,C - Cintura
61048,Maddaloni,0.0,,,12.6,30-,C - Cintura
61049,Marcianise,1.0,1959.0,1962.0,7.8,30-,C - Cintura
61050,Marzano Appio,0.0,,,29.0,30-,D - Intermedio
61051,Mignano Monte Lungo,0.0,,,14.5,30-,C - Cintura
61052,Mondragone,0.0,,,41.1,60-,D - Intermedio
61053,Orta di Atella,0.0,,,15.2,30-,C - Cintura
61054,Parete,0.0,,,29.6,30-,C - Cintura
61055,Pastorano,1.0,1959.0,1962.0,11.6,30-,D - Intermedio
61056,Piana di Monte Verna,0.0,,,21.6,30-,C - Cintura
61057,Piedimonte Matese,0.0,,,53.0,60-,E - Periferico
61058,Pietramelara,0.0,,,36.1,60-,D - Intermedio
61059,Pietravairano,0.0,,,27.2,30-,D - Intermedio
61060,Pignataro Maggiore,0.0,,,14.1,30-,C - Cintura
61061,Pontelatone,0.0,,,20.6,30-,C - Cintura
61062,Portico di Caserta,0.0,,,9.4,30-,C - Cintura
61063,Prata Sannita,0.0,,,44.3,60-,E - Periferico
61064,Pratella,0.0,,,43.8,60-,E - Periferico
61065,Presenzano,0.0,,,25.2,30-,D - Intermedio
61066,Raviscanina,0.0,,,37.7,60-,E - Periferico
61067,Recale,0.0,,,4.6,30-,C - Cintura
61068,Riardo,0.0,,,32.9,60-,D - Intermedio
61069,Rocca d'Evandro,0.0,,,10.1,30-,C - Cintura
61070,Roccamonfina,0.0,,,36.2,60-,E - Periferico
61071,Roccaromana,0.0,,,44.8,60-,E - Periferico
61072,Rocchetta e Croce,0.0,,,31.9,30-,E - Periferico
61073,Ruviano,0.0,,,31.4,60-,D - Intermedio
61074,San Cipriano d'Aversa,0.0,,,32.9,30-,C - Cintura
61075,San Felice a Cancello,0.0,,,24.2,30-,D - Intermedio
61076,San Gregorio Matese,0.0,,,87.6,60+,E - Periferico
61077,San Marcellino,0.0,,,26.8,30-,C - Cintura
61078,San Nicola La Strada,0.0,,,8.4,30-,C - Cintura
61079,San Pietro Infine,0.0,,,14.2,30-,C - Cintura
61080,San Potito Sannitico,0.0,,,70.7,60-,E - Periferico
61081,San Prisco,0.0,,,8.0,30-,C - Cintura
61082,Santa Maria a Vico,0.0,,,22.6,30-,C - Cintura
61083,Santa Maria Capua Vetere,0.0,,,11.4,30-,C - Cintura
61084,Santa Maria La Fossa,0.0,,,24.9,30-,D - Intermedio
61085,San Tammaro,0.0,,,18.6,30-,C - Cintura
61086,Sant'Angelo d'Alife,0.0,,,43.3,60-,E - Periferico
61087,Sant'Arpino,0.0,,,19.1,30-,C - Cintura
61088,Sessa Aurunca,0.0,,,39.4,60-,D - Intermedio
61089,Sparanise,0.0,,,17.3,30-,D - Intermedio
61090,Succivo,0.0,,,19.3,30-,C - Cintura
61091,Teano,0.0,,,28.4,30-,D - Intermedio
61092,Teverola,0.0,,,18.3,30-,C - Cintura
61093,Tora e Piccilli,0.0,,,25.1,30-,D - Intermedio
61094,Trentola-Ducenta,0.0,,,27.8,30-,C - Cintura
61095,Vairano Patenora,0.0,,,29.6,30-,D - Intermedio
61096,Valle Agricola,0.0,,,57.2,60-,E - Periferico
61097,Valle di Maddaloni,0.0,,,20.4,30-,C - Cintura
61098,Villa di Briano,0.0,,,23.8,30-,C - Cintura
61099,Villa Literno,0.0,,,38.6,30-,B - Polo intercomunale
62018,Castelpoto,0.0,,,69.3,60+,C - Cintura
62019,Castelvenere,0.0,,,48.8,60-,D - Intermedio
62020,Castelvetere in Val Fortore,0.0,,,123.3,60+,E - Periferico
62021,Cautano,0.0,,,62.2,60+,C - Cintura
62022,Ceppaloni,0.0,,,61.4,60+,C - Cintura
62023,Cerreto Sannita,0.0,,,63.7,60-,D - Intermedio
62024,Circello,0.0,,,110.2,60+,D - Intermedio
62025,Colle Sannita,0.0,,,106.4,60+,D - Intermedio
62026,Cusano Mutri,0.0,,,73.8,60+,E - Periferico
62027,Dugenta,0.0,,,29.7,30-,C - Cintura
62028,Durazzano,0.0,,,24.5,30-,D - Intermedio
62029,Faicchio,0.0,,,48.1,60-,D - Intermedio
62030,Foglianise,0.0,,,72.9,60+,C - Cintura
62031,Foiano di Val Fortore,0.0,,,113.3,60+,E - Periferico
62032,Forchia,0.0,,,29.6,60-,D - Intermedio
62033,Fragneto L'Abate,0.0,,,92.8,60+,C - Cintura
62034,Fragneto Monforte,0.0,,,76.0,60+,C - Cintura
62035,Frasso Telesino,0.0,,,42.9,60-,D - Intermedio
62036,Ginestra degli Schiavoni,0.0,,,115.1,60+,E - Periferico
62037,Guardia Sanframondi,0.0,,,55.2,60-,D - Intermedio
62038,Limatola,0.0,,,25.3,30-,C - Cintura
62039,Melizzano,0.0,,,38.2,60-,D - Intermedio
62040,Moiano,0.0,,,43.6,60-,D - Intermedio
62041,Molinara,0.0,,,105.3,60+,D - Intermedio
62042,Montefalcone di Val Fortore,0.0,,,122.2,60+,E - Periferico
62043,Montesarchio,0.0,,,50.9,60-,D - Intermedio
62044,Morcone,0.0,,,99.4,60+,D - Intermedio
62045,Paduli,0.0,,,85.2,60+,C - Cintura
62046,Pago Veiano,0.0,,,93.8,60+,C - Cintura
62047,Pannarano,0.0,,,54.8,60-,D - Intermedio
62048,Paolisi,0.0,,,43.6,60-,D - Intermedio
62049,Paupisi,0.0,,,58.0,60-,C - Cintura
62050,Pesco Sannita,0.0,,,86.3,60+,C - Cintura
62051,Pietraroja,0.0,,,85.3,60+,E - Periferico
62052,Pietrelcina,0.0,,,84.6,60+,C - Cintura
62053,Ponte,0.0,,,63.8,60+,C - Cintura
62054,Pontelandolfo,0.0,,,74.0,60+,C - Cintura
62055,Puglianello,0.0,,,41.9,60-,D - Intermedio
62056,Reino,0.0,,,95.0,60+,C - Cintura
62057,San Bartolomeo in Galdo,0.0,,,133.6,60+,E - Periferico
62058,San Giorgio del Sannio,0.0,,,78.5,60+,C - Cintura
62059,San Giorgio La Molara,0.0,,,106.7,60+,D - Intermedio
62060,San Leucio del Sannio,0.0,,,69.3,60+,C - Cintura
62061,San Lorenzello,0.0,,,53.5,60-,D - Intermedio
62062,San Lorenzo Maggiore,0.0,,,58.3,60-,C - Cintura
62063,San Lupo,0.0,,,64.7,60+,D - Intermedio
62064,San Marco dei Cavoti,0.0,,,98.1,60+,C - Cintura
62065,San Martino Sannita,0.0,,,80.3,60+,C - Cintura
62066,San Nazzaro,0.0,,,73.9,60+,C - Cintura
62067,San Nicola Manfredi,0.0,,,77.7,60+,C - Cintura
62068,San Salvatore Telesino,0.0,,,43.5,60-,D - Intermedio
62069,Santa Croce del Sannio,0.0,,,91.8,60+,D - Intermedio
62070,Sant'Agata de' Goti,0.0,,,29.4,60-,D - Intermedio
62071,Sant'Angelo a Cupolo,0.0,,,78.1,60+,C - Cintura
62072,Sassinoro,0.0,,,89.6,60+,C - Cintura
62073,Solopaca,0.0,,,45.2,60-,C - Cintura
62074,Telese Terme,0.0,,,,60-,D - Intermedio
62075,Tocco Caudio,0.0,,,62.9,60-,D - Intermedio
62076,Torrecuso,0.0,,,62.6,60+,C - Cintura
62077,Vitulano,0.0,,,72.7,60+,C - Cintura
62078,Sant'Arcangelo Trimonte,0.0,,,90.1,60+,C - Cintura
63001,Acerra,0.0,,,17.3,30-,C - Cintura
63002,Afragola,0.0,,,16.9,30-,C - Cintura
63003,Agerola,0.0,,,46.2,60-,D - Intermedio
63005,Arzano,0.0,,,16.4,30-,C - Cintura
63006,Bacoli,0.0,,,38.2,30-,C - Cintura
63008,Boscoreale,0.0,,,27.8,30-,C - Cintura
63009,Boscotrecase,0.0,,,25.6,30-,B - Polo intercomunale
63010,Brusciano,0.0,,,17.9,30-,C - Cintura
63011,Caivano,0.0,,,13.5,30-,C - Cintura
63012,Calvizzano,0.0,,,22.0,30-,C - Cintura
63013,Camposano,0.0,,,25.5,30-,C - Cintura
63015,Carbonara di Nola,0.0,,,34.8,60-,C - Cintura
63016,Cardito,0.0,,,18.9,30-,C - Cintura
63017,Casalnuovo di Napoli,0.0,,,19.0,30-,C - Cintura
63018,Casamarciano,0.0,,,27.2,30-,C - Cintura
63020,Casandrino,0.0,,,19.5,30-,C - Cintura
63021,Casavatore,0.0,,,14.4,30-,C - Cintura
63022,Casola di Napoli,0.0,,,34.0,60-,C - Cintura
63023,Casoria,1.0,1959.0,1962.0,15.8,30-,C - Cintura
63024,Castellammare di Stabia,0.0,,,26.6,30-,A - Polo
63025,Castello di Cisterna,0.0,,,16.6,30-,C - Cintura
63026,Cercola,0.0,,,7.4,30-,C - Cintura
63027,Cicciano,0.0,,,29.0,30-,C - Cintura
63028,Cimitile,0.0,,,23.1,30-,C - Cintura
63029,Comiziano,0.0,,,26.9,30-,C - Cintura
63030,Crispano,0.0,,,15.7,30-,C - Cintura
63032,Frattamaggiore,0.0,,,20.7,30-,C - Cintura
63033,Frattaminore,0.0,,,17.0,30-,C - Cintura
63034,Giugliano in Campania,0.0,,,33.1,30-,B - Polo intercomunale
63035,Gragnano,0.0,,,33.7,30-,C - Cintura
63036,Grumo Nevano,0.0,,,20.5,30-,C - Cintura
63039,Lettere,0.0,,,39.5,60-,C - Cintura
63040,Liveri,0.0,,,31.0,30-,C - Cintura
63041,Marano di Napoli,0.0,,,24.1,30-,C - Cintura
63042,Mariglianella,0.0,,,20.2,30-,C - Cintura
63043,Marigliano,0.0,,,23.8,30-,C - Cintura
63044,Massa Lubrense,0.0,,,64.7,60+,E - Periferico
63045,Melito di Napoli,0.0,,,17.7,30-,C - Cintura
63046,Meta,0.0,,,46.1,60-,C - Cintura
63047,Monte di Procida,0.0,,,43.0,60-,C - Cintura
63048,Mugnano di Napoli,0.0,,,18.6,30-,C - Cintura
63049,Napoli,1.0,1962.0,1962.0,12.5,30-,A - Polo
63050,Nola,0.0,,,25.1,30-,A - Polo
63051,Ottaviano,0.0,,,29.1,30-,C - Cintura
63052,Palma Campania,0.0,,,38.9,30-,C - Cintura
63053,Piano di Sorrento,0.0,,,47.0,60-,C - Cintura
63054,Pimonte,0.0,,,36.0,60-,C - Cintura
63055,Poggiomarino,0.0,,,31.5,30-,C - Cintura
63056,Pollena Trocchia,0.0,,,10.5,30-,C - Cintura
63057,Pomigliano d'Arco,0.0,,,17.5,30-,C - Cintura
63058,Pompei,0.0,,,21.1,30-,C - Cintura
63059,Portici,0.0,,,9.6,30-,C - Cintura
63060,Pozzuoli,0.0,,,29.5,30-,A - Polo
63062,Qualiano,0.0,,,24.7,30-,C - Cintura
63063,Quarto,0.0,,,32.4,30-,C - Cintura
63064,Ercolano,0.0,,,14.2,30-,C - Cintura
63065,Roccarainola,0.0,,,35.9,30-,C - Cintura
63066,San Gennaro Vesuviano,0.0,,,27.4,30-,C - Cintura
63067,San Giorgio a Cremano,0.0,,,6.7,30-,C - Cintura
63068,San Giuseppe Vesuviano,0.0,,,25.9,30-,C - Cintura
63069,San Paolo Bel Sito,0.0,,,26.5,30-,C - Cintura
63070,San Sebastiano al Vesuvio,0.0,,,11.7,30-,C - Cintura
63071,Sant'Agnello,0.0,,,54.7,60-,C - Cintura
63072,Sant'Anastasia,0.0,,,12.7,30-,C - Cintura
63073,Sant'Antimo,0.0,,,22.9,30-,C - Cintura
63074,Sant'Antonio Abate,0.0,,,30.1,60-,C - Cintura
63075,San Vitaliano,0.0,,,20.9,30-,C - Cintura
63076,Saviano,0.0,,,24.4,30-,C - Cintura
63077,Scisciano,0.0,,,23.9,30-,C - Cintura
63079,Somma Vesuviana,0.0,,,17.1,30-,C - Cintura
63080,Sorrento,0.0,,,57.3,60-,D - Intermedio
63081,Striano,0.0,,,30.5,30-,C - Cintura
63082,Terzigno,0.0,,,28.9,30-,C - Cintura
63083,Torre Annunziata,0.0,,,20.6,30-,B - Polo intercomunale
63084,Torre del Greco,0.0,,,17.7,30-,C - Cintura
63085,Tufino,0.0,,,25.8,30-,C - Cintura
63086,Vico Equense,0.0,,,53.3,60-,C - Cintura
63087,Villaricca,0.0,,,19.8,30-,C - Cintura
63088,Visciano,0.0,,,34.7,30-,C - Cintura
63089,Volla,0.0,,,11.2,30-,C - Cintura
63090,Santa Maria La Carita',0.0,,,,30-,C - Cintura
63091,Trecase,0.0,,,24.7,30-,C - Cintura
63092,Massa di Somma,0.0,,,15.5,30-,C - Cintura
64001,Aiello del Sabato,0.0,,,52.5,60-,C - Cintura
64002,Altavilla Irpina,0.0,,,63.1,60+,C - Cintura
64003,Andretta,0.0,,,107.5,60+,E - Periferico
64004,Aquilonia,0.0,,,129.5,60+,E - Periferico
64005,Ariano Irpino,0.0,,,94.8,60+,E - Periferico
64006,Atripalda,0.0,,,51.6,60-,C - Cintura
64007,Avella,0.0,,,33.3,30-,C - Cintura
64008,Avellino,0.0,,,45.1,60-,A - Polo
64009,Bagnoli Irpino,0.0,,,91.0,60+,D - Intermedio
64010,Baiano,0.0,,,53.5,30-,C - Cintura
64011,Bisaccia,0.0,,,108.4,60+,E - Periferico
64012,Bonito,0.0,,,82.6,60+,D - Intermedio
64013,Cairano,0.0,,,109.0,60+,E - Periferico
64014,Calabritto,0.0,,,106.1,60+,D - Intermedio
64015,Calitri,0.0,,,118.6,60+,E - Periferico
64016,Candida,0.0,,,55.4,60-,C - Cintura
64017,Caposele,0.0,,,92.7,60+,D - Intermedio
64018,Capriglia Irpina,0.0,,,54.9,60-,C - Cintura
64019,Carife,0.0,,,102.7,60+,D - Intermedio
64020,Casalbore,0.0,,,103.4,60+,D - Intermedio
64021,Cassano Irpino,0.0,,,72.2,60+,D - Intermedio
64022,Castel Baronia,0.0,,,94.7,60+,D - Intermedio
64023,Castelfranci,0.0,,,83.1,60+,D - Intermedio
64024,Castelvetere sul Calore,0.0,,,66.3,60+,C - Cintura
64025,Cervinara,0.0,,,43.6,60-,D - Intermedio
64026,Cesinali,0.0,,,53.9,60-,C - Cintura
64027,Chianche,0.0,,,69.4,60+,C - Cintura
64028,Chiusano di San Domenico,0.0,,,59.0,60-,C - Cintura
64029,Contrada,0.0,,,51.7,60-,C - Cintura
64030,Conza della Campania,0.0,,,92.8,60+,E - Periferico
64031,Domicella,0.0,,,39.9,60-,C - Cintura
64032,Flumeri,0.0,,,88.3,60+,D - Intermedio
64033,Fontanarosa,0.0,,,81.7,60+,D - Intermedio
64034,Forino,0.0,,,53.7,60-,C - Cintura
64035,Frigento,0.0,,,87.8,60+,D - Intermedio
64036,Gesualdo,0.0,,,86.8,60+,D - Intermedio
64037,Greci,0.0,,,109.2,60+,E - Periferico
64038,Grottaminarda,0.0,,,76.8,60+,D - Intermedio
64039,Grottolella,0.0,,,56.5,60-,C - Cintura
64040,Guardia Lombardi,0.0,,,95.4,60+,E - Periferico
64041,Lacedonia,0.0,,,126.4,60+,E - Periferico
64042,Lapio,0.0,,,66.0,60+,C - Cintura
64043,Lauro,0.0,,,39.2,60-,C - Cintura
64044,Lioni,0.0,,,85.8,60+,E - Periferico
64045,Luogosano,0.0,,,78.6,60+,D - Intermedio
64046,Manocalzati,0.0,,,50.3,60-,C - Cintura
64047,Marzano di Nola,0.0,,,29.6,30-,C - Cintura
64048,Melito Irpino,0.0,,,87.5,60+,D - Intermedio
64049,Mercogliano,0.0,,,48.7,60-,C - Cintura
64050,Mirabella Eclano,0.0,,,77.7,60+,D - Intermedio
64051,Montaguto,0.0,,,116.5,60+,D - Intermedio
64052,Montecalvo Irpino,0.0,,,107.1,60+,D - Intermedio
64053,Montefalcione,0.0,,,60.7,60-,C - Cintura
64054,Monteforte Irpino,0.0,,,39.4,60-,C - Cintura
64055,Montefredane,0.0,,,57.4,60-,C - Cintura
64056,Montefusco,0.0,,,70.5,60+,C - Cintura
64057,Montella,0.0,,,79.4,60+,D - Intermedio
64058,Montemarano,0.0,,,72.5,60+,D - Intermedio
64059,Montemiletto,0.0,,,75.1,60+,C - Cintura
64060,Monteverde,0.0,,,135.1,60+,E - Periferico
64061,Montoro Inferiore,0.0,,,44.1,60-,C - Cintura
64062,Montoro Superiore,0.0,,,47.0,60-,C - Cintura
64063,Morra De Sanctis,0.0,,,96.3,60+,E - Periferico
64064,Moschiano,0.0,,,42.3,60-,C - Cintura
64065,Mugnano del Cardinale,0.0,,,37.1,30-,C - Cintura
64066,Nusco,0.0,,,77.2,60+,D - Intermedio
64067,Ospedaletto d'Alpinolo,0.0,,,49.5,60-,C - Cintura
64068,Pago del Vallo di Lauro,0.0,,,33.8,60-,C - Cintura
64069,Parolise,0.0,,,56.4,60-,C - Cintura
64070,Paternopoli,0.0,,,80.2,60+,D - Intermedio
64071,Petruro Irpino,0.0,,,67.1,60+,C - Cintura
64072,Pietradefusi,0.0,,,70.8,60+,C - Cintura
64073,Pietrastornina,0.0,,,58.3,60-,C - Cintura
64074,Prata di Principato Ultra,0.0,,,58.9,60-,C - Cintura
64075,Pratola Serra,0.0,,,47.9,60-,C - Cintura
64076,Quadrelle,0.0,,,34.1,30-,C - Cintura
64077,Quindici,0.0,,,48.8,60-,C - Cintura
64078,Roccabascerana,0.0,,,51.5,60-,D - Intermedio
64079,Rocca San Felice,0.0,,,92.0,60+,E - Periferico
64080,Rotondi,0.0,,,38.4,60-,D - Intermedio
64081,Salza Irpina,0.0,,,57.0,60-,C - Cintura
64082,San Mango sul Calore,0.0,,,66.8,60+,C - Cintura
64083,San Martino Valle Caudina,0.0,,,49.1,60-,D - Intermedio
64084,San Michele di Serino,0.0,,,56.2,60-,C - Cintura
64085,San Nicola Baronia,0.0,,,97.2,60+,E - Periferico
64086,San Potito Ultra,0.0,,,52.4,60-,C - Cintura
64087,San Sossio Baronia,0.0,,,107.7,60+,E - Periferico
64088,Santa Lucia di Serino,0.0,,,57.4,60-,C - Cintura
64089,Sant'Andrea di Conza,0.0,,,101.5,60+,E - Periferico
64090,Sant'Angelo all'Esca,0.0,,,82.3,60+,D - Intermedio
64091,Sant'Angelo a Scala,0.0,,,57.6,60-,C - Cintura
64092,Sant'Angelo dei Lombardi,0.0,,,87.3,60+,E - Periferico
64093,Santa Paolina,0.0,,,63.5,60+,C - Cintura
64095,Santo Stefano del Sole,0.0,,,60.7,60-,C - Cintura
64096,Savignano Irpino,0.0,,,107.9,60+,E - Periferico
64097,Scampitella,0.0,,,104.8,60+,E - Periferico
64098,Senerchia,0.0,,,103.0,60+,D - Intermedio
64099,Serino,0.0,,,61.3,60-,C - Cintura
64100,Sirignano,0.0,,,36.9,30-,C - Cintura
64101,Solofra,0.0,,,51.6,60-,C - Cintura
64102,Sorbo Serpico,0.0,,,64.1,60-,C - Cintura
64103,Sperone,0.0,,,27.9,30-,C - Cintura
64104,Sturno,0.0,,,98.6,60+,D - Intermedio
64105,Summonte,0.0,,,87.4,60-,C - Cintura
64106,Taurano,0.0,,,41.1,60-,C - Cintura
64107,Taurasi,0.0,,,79.8,60+,D - Intermedio
64108,Teora,0.0,,,92.9,60+,E - Periferico
64109,Torella dei Lombardi,0.0,,,84.8,60+,E - Periferico
64110,Torre Le Nocelle,0.0,,,72.0,60+,C - Cintura
64111,Torrioni,0.0,,,71.3,60+,C - Cintura
64112,Trevico,0.0,,,106.4,60+,E - Periferico
64113,Tufo,0.0,,,62.8,60+,C - Cintura
64114,Vallata,0.0,,,107.8,60+,E - Periferico
64116,Venticano,0.0,,,72.8,60+,C - Cintura
64117,Villamaina,0.0,,,87.0,60+,E - Periferico
64118,Villanova del Battista,0.0,,,96.8,60+,E - Periferico
64119,Volturara Irpina,0.0,,,71.3,60+,C - Cintura
64120,Zungoli,0.0,,,107.8,60+,E - Periferico
65001,Acerno,0.0,,,92.7,60+,E - Periferico
65002,Agropoli,0.0,,,107.6,60+,E - Periferico
65003,Albanella,0.0,,,90.8,60+,D - Intermedio
65004,Alfano,0.0,,,145.0,60+,F - Ultraperiferico
65005,Altavilla Silentina,0.0,,,88.3,60+,D - Intermedio
65006,Amalfi,0.0,,,61.0,60-,E - Periferico
65007,Angri,0.0,,,28.3,30-,C - Cintura
65008,Aquara,0.0,,,108.3,60+,E - Periferico
65009,Ascea,0.0,,,150.6,60+,F - Ultraperiferico
65010,Atena Lucana,0.0,,,97.9,60+,D - Intermedio
65011,Atrani,0.0,,,61.5,60+,E - Periferico
65012,Auletta,0.0,,,82.0,60+,D - Intermedio
65013,Baronissi,0.0,,,44.3,60-,C - Cintura
65014,Battipaglia,0.0,,,65.5,60+,C - Cintura
65015,Bellosguardo,0.0,,,117.0,60+,E - Periferico
65016,Bracigliano,0.0,,,48.3,60-,D - Intermedio
65017,Buccino,0.0,,,91.9,60+,D - Intermedio
65018,Buonabitacolo,0.0,,,110.1,60+,E - Periferico
65019,Caggiano,0.0,,,95.1,60+,D - Intermedio
65020,Calvanico,0.0,,,50.3,60-,C - Cintura
65021,Camerota,0.0,,,173.6,60+,F - Ultraperiferico
65022,Campagna,0.0,,,80.8,60+,C - Cintura
65023,Campora,0.0,,,136.6,60+,F - Ultraperiferico
65024,Cannalonga,0.0,,,156.0,60+,F - Ultraperiferico
65025,Capaccio,0.0,,,87.2,60+,D - Intermedio
65026,Casalbuono,0.0,,,114.7,60+,E - Periferico
65027,Casaletto Spartano,0.0,,,133.8,60+,F - Ultraperiferico
65028,Casal Velino,0.0,,,134.3,60+,F - Ultraperiferico
65029,Caselle in Pittari,0.0,,,120.7,60+,E - Periferico
65030,Castelcivita,0.0,,,102.3,60+,E - Periferico
65031,Castellabate,0.0,,,117.2,60+,E - Periferico
65032,Castelnuovo Cilento,0.0,,,135.3,60+,E - Periferico
65033,Castelnuovo di Conza,0.0,,,103.8,60+,E - Periferico
65034,Castel San Giorgio,0.0,,,35.8,60-,C - Cintura
65035,Castel San Lorenzo,0.0,,,107.0,60+,E - Periferico
65036,Castiglione del Genovesi,0.0,,,60.6,60-,C - Cintura
65037,Cava de' Tirreni,0.0,,,38.0,60-,C - Cintura
65038,Celle di Bulgheria,0.0,,,157.1,60+,F - Ultraperiferico
65039,Centola,0.0,,,155.1,60+,F - Ultraperiferico
65040,Ceraso,0.0,,,147.0,60+,F - Ultraperiferico
65041,Cetara,0.0,,,53.8,60-,C - Cintura
65042,Cicerale,0.0,,,116.6,60+,E - Periferico
65043,Colliano,0.0,,,94.2,60+,D - Intermedio
65044,Conca dei Marini,0.0,,,56.9,60-,E - Periferico
65045,Controne,0.0,,,88.9,60+,D - Intermedio
65046,Contursi Terme,0.0,,,81.8,60+,C - Cintura
65047,Corbara,0.0,,,33.5,60-,C - Cintura
65048,Corleto Monforte,0.0,,,123.2,60+,E - Periferico
65049,Cuccaro Vetere,0.0,,,159.1,60+,F - Ultraperiferico
65050,Eboli,0.0,,,69.6,60+,A - Polo
65051,Felitto,0.0,,,120.1,60+,E - Periferico
65052,Fisciano,0.0,,,42.0,60-,C - Cintura
65053,Furore,0.0,,,47.2,60-,D - Intermedio
65054,Futani,0.0,,,155.9,60+,F - Ultraperiferico
65055,Giffoni Sei Casali,0.0,,,69.8,60+,D - Intermedio
65056,Giffoni Valle Piana,0.0,,,77.7,60+,D - Intermedio
65057,Gioi,0.0,,,141.6,60+,F - Ultraperiferico
65058,Giungano,0.0,,,102.8,60+,E - Periferico
65059,Ispani,0.0,,,140.8,60+,F - Ultraperiferico
65060,Laureana Cilento,0.0,,,118.3,60+,E - Periferico
65061,Laurino,0.0,,,132.4,60+,F - Ultraperiferico
65062,Laurito,0.0,,,151.1,60+,F - Ultraperiferico
65063,Laviano,0.0,,,111.2,60+,E - Periferico
65064,Lustra,0.0,,,121.2,60+,E - Periferico
65065,Magliano Vetere,0.0,,,126.7,60+,E - Periferico
65066,Maiori,0.0,,,60.6,60-,D - Intermedio
65067,Mercato San Severino,0.0,,,39.9,60-,C - Cintura
65068,Minori,0.0,,,61.0,60-,E - Periferico
65069,Moio della Civitella,0.0,,,149.5,60+,F - Ultraperiferico
65070,Montano Antilia,0.0,,,156.7,60+,F - Ultraperiferico
65071,Montecorice,0.0,,,131.9,60+,F - Ultraperiferico
65072,Montecorvino Pugliano,0.0,,,62.6,60-,C - Cintura
65073,Montecorvino Rovella,0.0,,,72.1,60+,C - Cintura
65074,Monteforte Cilento,0.0,,,121.0,60+,E - Periferico
65075,Monte San Giacomo,0.0,,,128.8,60+,E - Periferico
65076,Montesano Sulla Marcellana,0.0,,,123.3,60+,E - Periferico
65077,Morigerati,0.0,,,131.3,60+,F - Ultraperiferico
65078,Nocera Inferiore,0.0,,,34.5,60-,A - Polo
65079,Nocera Superiore,0.0,,,39.7,60-,C - Cintura
65080,Novi Velia,0.0,,,151.7,60+,F - Ultraperiferico
65081,Ogliastro Cilento,0.0,,,101.6,60+,E - Periferico
65082,Olevano sul Tusciano,0.0,,,73.9,60+,C - Cintura
65083,Oliveto Citra,0.0,,,89.6,60+,C - Cintura
65084,Omignano,0.0,,,128.9,60+,E - Periferico
65085,Orria,0.0,,,137.9,60+,F - Ultraperiferico
65086,Ottati,0.0,,,122.7,60+,E - Periferico
65087,Padula,0.0,,,112.8,60+,E - Periferico
65088,Pagani,0.0,,,31.3,60-,C - Cintura
65089,Palomonte,0.0,,,87.9,60+,D - Intermedio
65090,Pellezzano,0.0,,,50.0,60-,C - Cintura
65091,Perdifumo,0.0,,,116.3,60+,E - Periferico
65092,Perito,0.0,,,122.4,60+,E - Periferico
65093,Pertosa,0.0,,,92.0,60+,D - Intermedio
65094,Petina,0.0,,,91.4,60+,D - Intermedio
65095,Piaggine,0.0,,,140.0,60+,F - Ultraperiferico
65096,Pisciotta,0.0,,,174.4,60+,F - Ultraperiferico
65097,Polla,0.0,,,91.5,60+,D - Intermedio
65098,Pollica,0.0,,,143.7,60+,F - Ultraperiferico
65099,Pontecagnano Faiano,0.0,,,59.4,60-,C - Cintura
65100,Positano,0.0,,,59.7,60+,E - Periferico
65101,Postiglione,0.0,,,82.3,60+,D - Intermedio
65102,Praiano,0.0,,,70.3,60+,E - Periferico
65103,Prignano Cilento,0.0,,,109.9,60+,E - Periferico
65104,Ravello,0.0,,,61.3,60+,E - Periferico
65105,Ricigliano,0.0,,,111.8,60+,E - Periferico
65106,Roccadaspide,0.0,,,97.0,60+,E - Periferico
65107,Roccagloriosa,0.0,,,143.7,60+,F - Ultraperiferico
65108,Roccapiemonte,0.0,,,40.8,60-,C - Cintura
65109,Rofrano,0.0,,,139.6,60+,F - Ultraperiferico
65110,Romagnano al Monte,0.0,,,99.2,60+,D - Intermedio
65111,Roscigno,0.0,,,118.2,60+,F - Ultraperiferico
65112,Rutino,0.0,,,114.5,60+,E - Periferico
65113,Sacco,0.0,,,129.7,60+,F - Ultraperiferico
65114,Sala Consilina,0.0,,,101.8,60+,E - Periferico
65115,Salento,0.0,,,133.2,60+,E - Periferico
65116,Salerno,0.0,,,55.6,60-,A - Polo
65117,Salvitelle,0.0,,,92.5,60+,D - Intermedio
65118,San Cipriano Picentino,0.0,,,56.0,60+,C - Cintura
65119,San Giovanni a Piro,0.0,,,142.6,60+,F - Ultraperiferico
65120,San Gregorio Magno,0.0,,,103.1,60+,D - Intermedio
65121,San Mango Piemonte,0.0,,,52.9,60-,C - Cintura
65122,San Marzano sul Sarno,0.0,,,33.9,60-,C - Cintura
65123,San Mauro Cilento,0.0,,,140.8,60+,F - Ultraperiferico
65124,San Mauro La Bruca,0.0,,,164.7,60+,F - Ultraperiferico
65125,San Pietro al Tanagro,0.0,,,100.5,60+,E - Periferico
65126,San Rufo,0.0,,,105.0,60+,E - Periferico
65127,Santa Marina,0.0,,,135.5,60+,F - Ultraperiferico
65128,Sant'Angelo a Fasanella,0.0,,,121.2,60+,E - Periferico
65129,Sant'Arsenio,0.0,,,100.0,60+,D - Intermedio
65130,Sant'Egidio del Monte Albino,0.0,,,30.0,30-,C - Cintura
65131,Santomenna,0.0,,,110.9,60+,D - Intermedio
65132,San Valentino Torio,0.0,,,32.9,60-,C - Cintura
65133,Sanza,0.0,,,116.2,60+,E - Periferico
65134,Sapri,0.0,,,140.4,60+,F - Ultraperiferico
65135,Sarno,0.0,,,35.9,30-,C - Cintura
65136,Sassano,0.0,,,113.7,60+,E - Periferico
65137,Scafati,0.0,,,26.0,30-,C - Cintura
65138,Scala,0.0,,,69.7,60+,E - Periferico
65139,Serramezzana,0.0,,,139.7,60+,F - Ultraperiferico
65140,Serre,0.0,,,80.4,60+,C - Cintura
65141,Sessa Cilento,0.0,,,128.4,60+,F - Ultraperiferico
65142,Siano,0.0,,,44.9,60-,C - Cintura
65143,Sicignano degli Alburni,0.0,,,82.1,60+,D - Intermedio
65144,Stella Cilento,0.0,,,135.4,60+,E - Periferico
65145,Stio,0.0,,,133.8,60+,F - Ultraperiferico
65146,Teggiano,0.0,,,104.3,60+,E - Periferico
65147,Torchiara,0.0,,,110.5,60+,E - Periferico
65148,Torraca,0.0,,,152.7,60+,F - Ultraperiferico
65149,Torre Orsaia,0.0,,,133.7,60+,F - Ultraperiferico
65150,Tortorella,0.0,,,143.7,60+,F - Ultraperiferico
65151,Tramonti,0.0,,,58.4,60-,D - Intermedio
65152,Trentinara,0.0,,,105.9,60+,E - Periferico
65153,Valle dell'Angelo,0.0,,,147.6,60+,F - Ultraperiferico
65154,Vallo della Lucania,0.0,,,138.2,60+,E - Periferico
65155,Valva,0.0,,,93.7,60+,D - Intermedio
65156,Vibonati,0.0,,,143.1,60+,F - Ultraperiferico
65157,Vietri sul Mare,0.0,,,49.2,60-,C - Cintura
65158,Bellizzi,0.0,,,59.6,60-,C - Cintura
